"date","price","eurdol","oil","gas"
2017-01-01,50.23,NA,NA,NA
2017-01-02,60.68,1.052698,NA,NA
2017-01-03,69.54,1.046003,55.470001,3.327
2017-01-04,66.4,1.041992,56.459999,3.267
2017-01-05,66.26,1.050089,56.889999,3.273
2017-01-06,74.92,1.060592,57.099998,3.285
2017-01-07,62.53,1.05812333333333,56.3799983333333,3.22433333333333
2017-01-08,59.71,1.05565466666667,55.6599986666667,3.16366666666667
2017-01-09,70.25,1.053186,54.939999,3.103
2017-01-10,73.06,1.058862,53.639999,3.278
2017-01-11,77.51,1.055242,55.099998,3.224
2017-01-12,74.32,1.059771,56.009998,3.386
2017-01-13,79.24,1.061684,55.450001,3.419
2017-01-14,66.44,1.062079,55.455001,3.41725
2017-01-15,64.08,1.062474,55.460001,3.4155
2017-01-16,88.64,1.062869,55.465001,3.41375
2017-01-17,106.12,1.060299,55.470001,3.412
2017-01-18,94.49,1.069679,53.919998,3.302
2017-01-19,92.23,1.062778,54.16,3.368
2017-01-20,98.6,1.065973,55.490002,3.204
2017-01-21,75.61,1.06777366666667,55.4033346666667,3.217
2017-01-22,71.59,1.06957433333333,55.3166673333333,3.23
2017-01-23,93.65,1.071375,55.23,3.243
2017-01-24,116.08,1.076079,55.439999,3.279
2017-01-25,121.1,1.072869,55.080002,3.332
2017-01-26,109.68,1.075199,56.240002,3.382
2017-01-27,78.18,1.068296,55.52,3.391
2017-01-28,58.15,1.06933,55.4233333333333,3.338
2017-01-29,59.03,1.070364,55.3266666666667,3.285
2017-01-30,63.04,1.071398,55.23,3.232
2017-01-31,76.7,1.070859,55.700001,3.117
2017-02-01,65.86,1.08038,55.66,3.168
2017-02-02,47.03,1.076739,56.560001,3.187
2017-02-03,47.69,1.076171,56.810001,3.063
2017-02-04,45.45,1.076879,56.4466676666667,3.05866666666667
2017-02-05,45.92,1.077587,56.0833343333333,3.05433333333333
2017-02-06,63.63,1.078295,55.720001,3.05
2017-02-07,60.56,1.074322,55.049999,3.13
2017-02-08,63.56,1.067806,55.119999,3.126
2017-02-09,62.95,1.069221,55.630001,3.141
2017-02-10,67.13,1.065859,56.700001,3.034
2017-02-11,55.15,1.06455733333333,56.3300006666667,3.004
2017-02-12,42.78,1.06325566666667,55.9600003333333,2.974
2017-02-13,49.79,1.061954,55.59,2.944
2017-02-14,54.72,1.05985,55.970001,2.905
2017-02-15,51.94,1.057832,55.75,2.925
2017-02-16,55.24,1.060738,55.650002,2.854
2017-02-17,54.26,1.067225,55.810001,2.834
2017-02-18,46.3,1.065705,56.02250075,2.7665
2017-02-19,45.03,1.064185,56.2350005,2.699
2017-02-20,52.74,1.062665,56.44750025,2.6315
2017-02-21,50.34,1.06094,56.66,2.564
2017-02-22,47.61,1.054207,55.84,2.592
2017-02-23,43.45,1.055409,56.580002,2.617
2017-02-24,49.68,1.058447,55.990002,2.627
2017-02-25,44.86,1.05738966666667,55.9700013333333,2.649
2017-02-26,38.44,1.05633233333333,55.9500006666667,2.671
2017-02-27,40.4,1.055275,55.93,2.693
2017-02-28,39.9,1.058425,55.59,2.774
2017-03-01,45.72,1.056915,55.599998,2.799
2017-03-02,46.33,1.053585,55.080002,2.804
2017-03-03,39.92,1.050972,55.900002,2.827
2017-03-04,35.86,1.054663,55.9366673333333,2.85166666666667
2017-03-05,21.91,1.058354,55.9733326666667,2.87633333333333
2017-03-06,40.92,1.062045,56.009998,2.901
2017-03-07,45.19,1.057921,55.919998,2.824
2017-03-08,43.03,1.057015,53.110001,2.901
2017-03-09,42.07,1.054741,52.189999,2.974
2017-03-10,40.55,1.057843,51.369999,3.008
2017-03-11,33.21,1.06156333333333,51.363332,3.01966666666667
2017-03-12,22.06,1.06528366666667,51.356665,3.03133333333333
2017-03-13,35.58,1.069004,51.349998,3.043
2017-03-14,38.73,1.065144,50.919998,2.938
2017-03-15,38.84,1.061244,51.810001,2.981
2017-03-16,36.5,1.073791,51.740002,2.902
2017-03-17,35.74,1.07747,51.759998,2.948
2017-03-18,25.66,1.076413,51.7133316666667,2.979
2017-03-19,20.31,1.075356,51.6666653333333,3.01
2017-03-20,32.9,1.074299,51.619999,3.041
2017-03-21,39.2,1.073768,50.959999,3.093
2017-03-22,37.62,1.081245,50.639999,3.011
2017-03-23,36.92,1.079016,50.560001,3.051
2017-03-24,36.14,1.078388,50.799999,3.076
2017-03-25,28.34,1.080576,50.7833326666667,3.068
2017-03-26,28.04,1.082764,50.7666663333333,3.06
2017-03-27,34.85,1.084952,50.75,3.052
2017-03-28,34.58,1.086095,51.330002,3.096
2017-03-29,35.18,1.081771,52.419998,3.175
2017-03-30,33.55,1.075963,52.959999,3.191
2017-03-31,32.25,1.068707,52.830002,3.19
2017-04-01,31.46,1.068099,52.796668,3.16933333333333
2017-04-02,30.32,1.067491,52.763334,3.14866666666667
2017-04-03,37.84,1.066883,52.73,3.128
2017-04-04,38.75,1.067008,54.169998,3.293
2017-04-05,35.56,1.068034,54.360001,3.266
2017-04-06,35.87,1.067247,54.889999,3.331
2017-04-07,38.42,1.064464,55.240002,3.261
2017-04-08,34.42,1.06237633333333,55.486668,3.25333333333333
2017-04-09,29.45,1.06028866666667,55.733334,3.24566666666667
2017-04-10,33.84,1.058201,55.98,3.238
2017-04-11,35.92,1.05976,56.23,3.15
2017-04-12,35.63,1.061132,55.860001,3.187
2017-04-13,34.89,1.067065,55.889999,3.227
2017-04-14,34.34,1.061639,55.7574995,3.211
2017-04-15,31,1.06144366666667,55.625,3.195
2017-04-16,30.55,1.06124833333333,55.4925005,3.179
2017-04-17,26.85,1.061053,55.360001,3.163
2017-04-18,35.69,1.064453,54.889999,3.145
2017-04-19,38.29,1.072869,52.93,3.185
2017-04-20,40.32,1.071501,52.990002,3.159
2017-04-21,44.08,1.07149,51.959999,3.101
2017-04-22,33.97,1.07679133333333,51.8399986666667,3.08933333333333
2017-04-23,25.13,1.08209266666667,51.7199983333333,3.07766666666667
2017-04-24,36.18,1.087394,51.599998,3.066
2017-04-25,36.93,1.086484,52.099998,3.043
2017-04-26,43.81,1.092825,51.82,3.142
2017-04-27,43.88,1.090893,51.439999,3.239
2017-04-28,41.64,1.086425,51.73,3.276
2017-04-29,32.88,1.08786666666667,51.7066666666667,3.25566666666667
2017-04-30,15.21,1.08930833333333,51.6833333333333,3.23533333333333
2017-05-01,19.11,1.09075,51.66,3.215
2017-05-02,42.03,1.090893,51.2250005,3.195
2017-05-03,46.08,1.093565,50.790001,3.228
2017-05-04,44.86,1.088898,48.380001,3.186
2017-05-05,39.54,1.098153,49.099998,3.266
2017-05-06,33.38,1.097607,49.1799986666667,3.23466666666667
2017-05-07,30.24,1.097061,49.2599993333333,3.20333333333333
2017-05-08,33.97,1.096515,49.34,3.172
2017-05-09,40,1.092777,48.73,3.227
2017-05-10,40.07,1.088684,50.220001,3.292
2017-05-11,36.86,1.087075,50.77,3.376
2017-05-12,37.28,1.086496,50.84,3.424
2017-05-13,32.45,1.08857366666667,51.1666666666667,3.399
2017-05-14,28.48,1.09065133333333,51.4933333333333,3.374
2017-05-15,36.43,1.092729,51.82,3.349
2017-05-16,34.53,1.098177,51.650002,3.23
2017-05-17,33.23,1.109398,52.209999,3.192
2017-05-18,34.03,1.115636,52.509998,3.182
2017-05-19,34.53,1.111358,53.610001,3.256
2017-05-20,27.7,1.11440066666667,53.696667,3.28066666666667
2017-05-21,21.74,1.11744333333333,53.783333,3.30533333333333
2017-05-22,36.05,1.120486,53.869999,3.33
2017-05-23,33.67,1.123886,54.150002,3.219
2017-05-24,32.56,1.117931,53.959999,3.209
2017-05-25,28.45,1.123091,51.459999,3.184
2017-05-26,32.42,1.121076,52.150002,3.236
2017-05-27,28.24,1.11991933333333,52.0725015,3.21325
2017-05-28,23.49,1.11876266666667,51.995001,3.1905
2017-05-29,37.27,1.117606,51.9175005,3.16775
2017-05-30,40.9,1.112904,51.84,3.145
2017-05-31,41.56,1.117169,50.310001,3.071
2017-06-01,39,1.124354,50.330002,3.008
2017-06-02,36.45,1.121579,49.950001,2.999
2017-06-03,31.23,1.123747,49.790001,2.99333333333333
2017-06-04,22.62,1.125915,49.630001,2.98766666666667
2017-06-05,28.84,1.128083,49.470001,2.982
2017-06-06,22.03,1.125682,50.119999,3.042
2017-06-07,21.21,1.127142,48.060001,3.02
2017-06-08,29.49,1.125518,47.860001,3.028
2017-06-09,33.37,1.118481,48.150002,3.039
2017-06-10,31.03,1.119053,48.1966683333333,3.034
2017-06-11,23.22,1.119625,48.2433346666667,3.029
2017-06-12,32.89,1.120197,48.290001,3.024
2017-06-13,36.22,1.11962,48.720001,2.966
2017-06-14,37.91,1.120888,47,2.933
2017-06-15,34.8,1.121579,46.919998,3.056
2017-06-16,29.83,1.114691,47.369999,3.037
2017-06-17,27.29,1.11673566666667,47.216666,2.98933333333333
2017-06-18,28.27,1.11878033333333,47.063333,2.94166666666667
2017-06-19,38.08,1.120825,46.91,2.894
2017-06-20,38.57,1.114455,46.02,2.907
2017-06-21,46.22,1.113697,44.82,2.893
2017-06-22,41.37,1.11672,45.220001,2.894
2017-06-23,34.69,1.114964,45.540001,2.929
2017-06-24,26.08,1.116604,45.636668,2.96166666666667
2017-06-25,20.39,1.118244,45.733335,2.99433333333333
2017-06-26,41.48,1.119884,45.830002,3.027
2017-06-27,40.8,1.118356,46.650002,3.037
2017-06-28,36.52,1.133915,47.310001,3.067
2017-06-29,38.26,1.138265,47.419998,3.042
2017-06-30,32.99,1.144165,47.919998,3.035
2017-07-01,31.29,1.14354633333333,47.9033316666667,3.007
2017-07-02,27.28,1.14292766666667,47.8866653333333,2.979
2017-07-03,38.22,1.142309,47.869999,2.951
2017-07-04,42.98,1.137139,47.83,2.8955
2017-07-05,43.66,1.136015,47.790001,2.84
2017-07-06,45.51,1.134687,48.110001,2.888
2017-07-07,40.52,1.142478,46.709999,2.864
2017-07-08,34.4,1.141779,46.7666663333333,2.88566666666667
2017-07-09,33.13,1.14108,46.8233336666667,2.90733333333333
2017-07-10,40.24,1.140381,46.880001,2.929
2017-07-11,36.88,1.1438875,47.52,3.047
2017-07-12,36.08,1.147394,47.740002,2.985
2017-07-13,36.21,1.141891,48.419998,2.961
2017-07-14,34.05,1.140394,48.91,2.98
2017-07-15,32.5,1.14277566666667,48.746666,2.99333333333333
2017-07-16,30.42,1.14515733333333,48.583332,3.00666666666667
2017-07-17,38.13,1.147539,48.419998,3.02
2017-07-18,39.56,1.147434,48.84,3.088
2017-07-19,NA,1.154974,49.700001,3.066
2017-07-20,36.62,1.152844,49.299999,3.043
2017-07-21,36.8,1.162872,48.060001,2.97
2017-07-22,33.32,1.164638,48.24,2.94633333333333
2017-07-23,27.25,1.166404,48.419999,2.92266666666667
2017-07-24,39.2,1.16817,48.599998,2.899
2017-07-25,35.06,1.163887,50.200001,2.944
2017-07-26,33.76,1.164456,50.970001,2.924
2017-07-27,33.48,1.1728,51.490002,2.969
2017-07-28,33.09,1.168866,52.52,2.941
2017-07-29,21.51,1.17082033333333,52.563334,2.892
2017-07-30,14,1.17277466666667,52.606668,2.843
2017-07-31,32.38,1.174729,52.650002,2.794
2017-08-01,34.81,1.18241,52.630001,2.819
2017-08-02,32.6,1.181126,52.360001,2.811
2017-08-03,30.01,1.185115,52.009998,2.8
2017-08-04,30.66,1.188495,52.419998,2.774
2017-08-05,28.88,1.184944,52.4033316666667,2.783
2017-08-06,20.49,1.181393,52.3866653333333,2.792
2017-08-07,33.61,1.177842,52.369999,2.801
2017-08-08,31.81,1.180094,52.139999,2.822
2017-08-09,30.54,1.175461,52.700001,2.883
2017-08-10,35.51,1.176152,51.900002,2.985
2017-08-11,35.18,1.177024,52.099998,2.983
2017-08-12,22.86,1.178866,51.643332,2.975
2017-08-13,20.36,1.180708,51.186666,2.967
2017-08-14,33.31,1.18255,50.73,2.959
2017-08-15,27.78,1.177579,50.799999,2.935
2017-08-16,35.91,1.174122,50.27,2.89
2017-08-17,33.63,1.177426,51.029999,2.929
2017-08-18,34.2,1.17155,52.720001,2.893
2017-08-19,17.75,1.172909,52.3666673333333,2.916
2017-08-20,11.27,1.174268,52.0133336666667,2.939
2017-08-21,31.33,1.175627,51.66,2.962
2017-08-22,36.92,1.181195,51.869999,2.939
2017-08-23,37.1,1.176221,52.57,2.928
2017-08-24,37.93,1.181656,52.040001,2.949
2017-08-25,38.17,1.18022,52.41,2.892
2017-08-26,35.3,1.18520866666667,52.2366663333333,2.903
2017-08-27,32.69,1.19019733333333,52.0633326666667,2.914
2017-08-28,40.21,1.195186,51.889999,2.925
2017-08-29,43.25,1.196387,52,2.961
2017-08-30,38.91,1.197046,50.860001,2.939
2017-08-31,39.48,1.189343,52.380001,3.04
2017-09-01,38.88,1.191043,52.32,3.07
2017-09-02,34.04,1.19012333333333,52.58500025,3.0455
2017-09-03,31.13,1.18920366666667,52.8500005,3.021
2017-09-04,36.93,1.188284,53.11500075,2.9965
2017-09-05,37.66,1.189343,53.380001,2.972
2017-09-06,36.29,1.192407,54.200001,3
2017-09-07,34.7,1.192777,54.490002,2.981
2017-09-08,32.07,1.202906,53.779999,2.89
2017-09-09,33.34,1.20252533333333,53.7999993333333,2.91
2017-09-10,23.84,1.20214466666667,53.8199996666667,2.93
2017-09-11,26.28,1.201764,53.84,2.95
2017-09-12,33.47,1.195943,54.27,3.001
2017-09-13,25.98,1.197461,55.16,3.058
2017-09-14,29.52,1.189061,55.470001,3.07
2017-09-15,37.91,1.192165,55.619999,3.024
2017-09-16,37.66,1.192682,55.5733326666667,3.06466666666667
2017-09-17,34.03,1.193199,55.5266663333333,3.10533333333333
2017-09-18,44.55,1.193716,55.48,3.146
2017-09-19,41.53,1.195929,55.139999,3.122
2017-09-20,41.72,1.199256,56.290001,3.094
2017-09-21,39.26,1.187211,56.43,2.946
2017-09-22,40.07,1.194558,56.860001,2.959
2017-09-23,37.17,1.19394533333333,57.5800006666667,2.94566666666667
2017-09-24,36.01,1.19333266666667,58.3000003333333,2.93233333333333
2017-09-25,44.27,1.19272,59.02,2.919
2017-09-26,46.19,1.185565,58.439999,2.918
2017-09-27,45.2,1.178606,57.900002,2.974
2017-09-28,47.07,1.174964,57.41,3.017
2017-09-29,42.69,1.178175,57.540001,3.007
2017-09-30,39.19,1.17902833333333,57.5133336666667,2.97666666666667
2017-10-01,35.96,1.17988166666667,57.4866663333333,2.94633333333333
2017-10-02,42.12,1.180735,57.459999,2.916
2017-10-03,44.24,1.173378,56,2.895
2017-10-04,51.95,1.174757,55.799999,2.94
2017-10-05,49.65,1.175724,57,2.923
2017-10-06,47.15,1.171234,55.619999,2.863
2017-10-07,46.2,1.172238,55.6766663333333,2.853
2017-10-08,41.97,1.173242,55.7333336666667,2.843
2017-10-09,53.42,1.174246,55.790001,2.833
2017-10-10,58.31,1.174164,56.610001,2.891
2017-10-11,55.96,1.181488,56.939999,2.889
2017-10-12,53.04,1.186549,56.25,2.989
2017-10-13,50.2,1.18318,57.169998,3
2017-10-14,43.75,1.18258833333333,57.3866653333333,2.982
2017-10-15,36.5,1.18199666666667,57.6033326666667,2.964
2017-10-16,46.11,1.181405,57.82,2.946
2017-10-17,56.04,1.179454,57.880001,2.962
2017-10-18,56.62,1.177191,58.150002,2.854
2017-10-19,57.04,1.179523,57.23,2.873
2017-10-20,52.26,1.184806,57.75,2.915
2017-10-21,39.74,1.18165866666667,57.623333,2.94033333333333
2017-10-22,39.78,1.17851133333333,57.496666,2.96566666666667
2017-10-23,56.46,1.175364,57.369999,2.991
2017-10-24,57.75,1.175917,58.330002,2.974
2017-10-25,60.17,1.175903,58.439999,2.919
2017-10-26,56.87,1.182075,59.299999,2.89
2017-10-27,55.25,1.163724,60.439999,2.752
2017-10-28,46.8,1.16263466666667,60.5933333333333,2.82333333333333
2017-10-29,40.26,1.16154533333333,60.7466676666667,2.89466666666667
2017-10-30,51.89,1.160456,60.900002,2.966
2017-10-31,56.92,1.16527,61.369999,2.896
2017-11-01,45.99,1.165175,61.290001,2.893
2017-11-02,55.57,1.162872,60.619999,2.935
2017-11-03,57.18,1.166181,62.07,2.984
2017-11-04,41.97,1.16461866666667,62.8033323333333,3.034
2017-11-05,39.12,1.16305633333333,63.5366646666667,3.084
2017-11-06,60.63,1.161494,64.269997,3.134
2017-11-07,65.4,1.161265,63.689999,3.152
2017-11-08,81.62,1.160106,63.490002,3.175
2017-11-09,89.94,1.159689,63.93,3.2
2017-11-10,81.3,1.164687,63.52,3.213
2017-11-11,56.23,1.16516233333333,63.4,3.19766666666667
2017-11-12,46.97,1.16563766666667,63.28,3.18233333333333
2017-11-13,59.08,1.166113,63.16,3.167
2017-11-14,82.14,1.166494,62.209999,3.102
2017-11-15,78.39,1.179287,61.869999,3.08
2017-11-16,81.3,1.178516,61.360001,3.053
2017-11-17,73.55,1.177745,62.720001,3.097
2017-11-18,59.51,1.17622533333333,62.5533343333333,3.08033333333333
2017-11-19,59.25,1.17470566666667,62.3866676666667,3.06366666666667
2017-11-20,67.66,1.173186,62.220001,3.047
2017-11-21,61.08,1.174122,62.57,3.017
2017-11-22,59.43,1.173723,63.32,2.968
2017-11-23,54.15,1.181474,63.5900005,2.8905
2017-11-24,57.21,1.185396,63.860001,2.813
2017-11-25,53.42,1.18781366666667,63.853334,2.85133333333333
2017-11-26,52.99,1.19023133333333,63.846667,2.88966666666667
2017-11-27,63.36,1.192649,63.84,2.928
2017-11-28,65.53,1.19049,63.610001,3.074
2017-11-29,77.5,1.184806,63.110001,3.179
2017-11-30,75.37,1.185199,63.57,3.025
2017-12-01,73.75,1.189825,63.490002,3.061
2017-12-02,64.19,1.18854533333333,63.143335,3.03566666666667
2017-12-03,60.93,1.18726566666667,62.796668,3.01033333333333
2017-12-04,81.9,1.185986,62.450001,2.985
2017-12-05,91.9,1.186775,62.860001,2.914
2017-12-06,86.9,1.183292,61.220001,2.922
2017-12-07,68.34,1.180429,62.200001,2.763
2017-12-08,63.71,1.177218,63.400002,2.772
2017-12-09,68.43,1.17714433333333,63.830002,2.79066666666667
2017-12-10,49.31,1.17707066666667,64.260002,2.80933333333333
2017-12-11,56.39,1.176997,64.690002,2.828
2017-12-12,77.86,1.177759,63.34,2.678
2017-12-13,70.89,1.17426,62.439999,2.715
2017-12-14,58.29,1.183586,63.310001,2.684
2017-12-15,58.14,1.177496,63.23,2.612
2017-12-16,55.75,1.17644966666667,63.29,2.65633333333333
2017-12-17,52.93,1.17540333333333,63.35,2.70066666666667
2017-12-18,61.25,1.174357,63.41,2.745
2017-12-19,64.39,1.178425,63.799999,2.692
2017-12-20,66.5,1.184133,64.559998,2.637
2017-12-21,64.15,1.187818,64.900002,2.598
2017-12-22,55.34,1.185733,65.25,2.667
2017-12-23,46.27,1.185691,65.69249925,2.661
2017-12-24,44.98,1.185649,66.1349985,2.655
2017-12-25,28.02,1.185607,66.57749775,2.649
2017-12-26,29.81,1.187254,67.019997,2.643
2017-12-27,38.25,1.185789,66.440002,2.738
2017-12-28,46.75,1.190079,66.720001,2.914
2017-12-29,42.84,1.194172,66.599998,2.953
2017-12-30,20.86,1.19627966666667,66.5924985,2.97875
2017-12-31,10.94,1.19838733333333,66.584999,3.0045
2018-01-01,2.66,1.200495,66.5774995,3.03025
2018-01-02,32.25,1.201158,66.57,3.056
2018-01-03,16.52,1.206345,67.839996,3.008
2018-01-04,30.7,1.201043,68.07,2.88
2018-01-05,34.01,1.206884,67.620003,2.795
2018-01-06,36.21,1.205838,67.673335,2.80833333333333
2018-01-07,22.41,1.204792,67.726667,2.82166666666667
2018-01-08,36.81,1.203746,67.779999,2.835
2018-01-09,47.04,1.197046,68.82,2.923
2018-01-10,41.19,1.192933,69.199997,2.906
2018-01-11,48.06,1.195614,69.260002,3.084
2018-01-12,44.41,1.20421,69.870003,3.2
2018-01-13,39.45,1.20921666666667,69.69000275,3.18225
2018-01-14,36.44,1.21422333333333,69.5100025,3.1645
2018-01-15,40.79,1.21923,69.33000225,3.14675
2018-01-16,33.54,1.226843,69.150002,3.129
2018-01-17,37.06,1.227129,69.379997,3.232
2018-01-18,35.07,1.218398,69.309998,3.189
2018-01-19,40.69,1.223661,68.610001,3.185
2018-01-20,36.85,1.22429066666667,68.7500003333333,3.198
2018-01-21,34.31,1.22492033333333,68.8899996666667,3.211
2018-01-22,37.43,1.22555,69.029999,3.224
2018-01-23,38.37,1.225625,69.959999,3.444
2018-01-24,29.78,1.231027,70.529999,3.509
2018-01-25,34.38,1.239111,70.419998,3.447
2018-01-26,45.14,1.239234,70.519997,3.505
2018-01-27,36.79,1.240425,70.1666643333333,3.547
2018-01-28,24.91,1.241616,69.8133316666667,3.589
2018-01-29,36.83,1.242807,69.459999,3.631
2018-01-30,40.36,1.238114,69.019997,3.195
2018-01-31,33.15,1.240957,69.050003,2.995
2018-02-01,39.43,1.241866,69.080002,2.856
2018-02-02,40.9,1.251001,68.580002,2.846
2018-02-03,41.11,1.24889866666667,68.2600023333333,2.813
2018-02-04,38.64,1.24679633333333,67.9400026666667,2.78
2018-02-05,45.28,1.244694,67.620003,2.747
2018-02-06,50.56,1.236782,66.860001,2.759
2018-02-07,50.7,1.238129,65.510002,2.702
2018-02-08,54.56,1.226813,64.809998,2.697
2018-02-09,47.2,1.226076,62.790001,2.584
2018-02-10,42.02,1.22581066666667,62.723334,2.57333333333333
2018-02-11,33.72,1.22554533333333,62.656667,2.56266666666667
2018-02-12,48.88,1.22528,62.59,2.552
2018-02-13,42.93,1.230376,62.720001,2.594
2018-02-14,44.65,1.235376,64.360001,2.587
2018-02-15,42.59,1.246727,64.330002,2.58
2018-02-16,43.15,1.25036,64.839996,2.558
2018-02-17,41.18,1.24730266666667,64.942497,2.5725
2018-02-18,39.65,1.24424533333333,65.044998,2.587
2018-02-19,50.99,1.241188,65.147499,2.6015
2018-02-20,49.71,1.239864,65.25,2.616
2018-02-21,48.85,1.233532,65.419998,2.659
2018-02-22,51.97,1.228184,66.389999,2.634
2018-02-23,52.12,1.232666,67.309998,2.625
2018-02-24,53.45,1.23134833333333,67.373332,2.62966666666667
2018-02-25,44.69,1.23003066666667,67.436666,2.63433333333333
2018-02-26,60.94,1.228713,67.5,2.639
2018-02-27,83.76,1.231557,66.629997,2.683
2018-02-28,80.07,1.223032,65.779999,2.667
2018-03-01,84.28,1.219126,65.709999,2.698
2018-03-02,84.05,1.227084,64.370003,2.695
2018-03-03,47.06,1.22857,64.7600023333333,2.698
2018-03-04,43.61,1.230056,65.1500016666667,2.701
2018-03-05,54.92,1.231542,65.540001,2.704
2018-03-06,50.42,1.233654,65.790001,2.749
2018-03-07,48.79,1.241665,64.339996,2.777
2018-03-08,45.43,1.241465,63.610001,2.756
2018-03-09,42.86,1.230663,65.489998,2.732
2018-03-10,34.18,1.23073366666667,65.3099976666667,2.74733333333333
2018-03-11,27.01,1.23080433333333,65.1299973333333,2.76266666666667
2018-03-12,38.55,1.230875,64.949997,2.778
2018-03-13,47.25,1.233958,64.639999,2.786
2018-03-14,47.51,1.239234,64.889999,2.731
2018-03-15,36.31,1.237562,65.120003,2.681
2018-03-16,46.64,1.230921,66.209999,2.688
2018-03-17,51.79,1.22997366666667,66.156667,2.67566666666667
2018-03-18,41.09,1.22902633333333,66.103335,2.66333333333333
2018-03-19,54.25,1.228079,66.050003,2.651
2018-03-20,48.83,1.233685,67.419998,2.675
2018-03-21,55.02,1.22519,69.470001,2.638
2018-03-22,61.37,1.234766,68.910004,2.617
2018-03-23,53.9,1.232499,70.449997,2.591
2018-03-24,45.64,1.23347833333333,70.339999,2.6
2018-03-25,42.94,1.23445766666667,70.230001,2.609
2018-03-26,53.09,1.235437,70.120003,2.618
2018-03-27,46.3,1.245749,70.110001,2.691
2018-03-28,43.38,1.240787,69.529999,2.698
2018-03-29,44.87,1.231027,70.269997,2.733
2018-03-30,39.91,1.230285,70.2374975,2.7205
2018-03-31,34.46,1.23066366666667,70.204998,2.708
2018-04-01,27.8,1.23104233333333,70.1724985,2.6955
2018-04-02,29.16,1.231421,70.139999,2.683
2018-04-03,36.87,1.229271,69.079998,2.697
2018-04-04,36.29,1.227853,68.019997,2.718
2018-04-05,41.23,1.228682,68.330002,2.675
2018-04-06,36.49,1.22516,67.110001,2.701
2018-04-07,26.31,1.22582133333333,67.6233346666667,2.69833333333333
2018-04-08,24.32,1.22648266666667,68.1366683333333,2.69566666666667
2018-04-09,44.91,1.227144,68.650002,2.693
2018-04-10,41.79,1.23224,71.040001,2.656
2018-04-11,39.5,1.236308,72.059998,2.675
2018-04-12,44.08,1.237164,72.019997,2.686
2018-04-13,44.98,1.23297,72.580002,2.735
2018-04-14,36.9,1.23306633333333,72.193334,2.74066666666667
2018-04-15,26.25,1.23316266666667,71.806666,2.74633333333333
2018-04-16,46.63,1.233259,71.419998,2.752
2018-04-17,43.8,1.238513,71.580002,2.738
2018-04-18,41,1.237317,73.480003,2.739
2018-04-19,40.19,1.237915,73.779999,2.66
2018-04-20,39,1.234553,74.059998,2.739
2018-04-21,25.1,1.23214866666667,74.276665,2.73933333333333
2018-04-22,15.99,1.22974433333333,74.493332,2.73966666666667
2018-04-23,34.13,1.22734,74.709999,2.74
2018-04-24,35.62,1.220897,73.860001,2.781
2018-04-25,28.48,1.22414,74,2.786
2018-04-26,31.49,1.217167,74.739998,2.821
2018-04-27,36.66,1.210962,74.639999,2.771
2018-04-28,21.97,1.21140233333333,74.8166653333333,2.76833333333333
2018-04-29,13.85,1.21184266666667,74.9933316666667,2.76566666666667
2018-04-30,17.21,1.212283,75.169998,2.763
2018-05-01,11.8,1.208123,75.169998,2.802
2018-05-02,40.32,1.199156,73.360001,2.754
2018-05-03,39.96,1.1951,73.620003,2.726
2018-05-04,36.42,1.198926,74.870003,2.711
2018-05-05,27.95,1.197784,75.3033346666667,2.721
2018-05-06,21.13,1.196642,75.7366663333333,2.731
2018-05-07,39.91,1.1955,76.169998,2.741
2018-05-08,30.3,1.193374,74.849998,2.732
2018-05-09,38.24,1.186789,77.209999,2.737
2018-05-10,24.37,1.184722,77.470001,2.814
2018-05-11,41.88,1.191753,77.120003,2.806
2018-05-12,31.34,1.19290666666667,77.490003,2.818
2018-05-13,17.17,1.19406033333333,77.860003,2.83
2018-05-14,33.3,1.195214,78.230003,2.842
2018-05-15,43.05,1.193118,78.43,2.836
2018-05-16,37.23,1.182089,79.279999,2.815
2018-05-17,34.26,1.181698,79.300003,2.859
2018-05-18,38.78,1.179523,78.510002,2.847
2018-05-19,22.63,1.17857,78.7466683333333,2.83466666666667
2018-05-20,13.36,1.177617,78.9833346666667,2.82233333333333
2018-05-21,11.82,1.176664,79.220001,2.81
2018-05-22,46.37,1.179245,79.57,2.908
2018-05-23,44.01,1.178856,79.800003,2.914
2018-05-24,42.12,1.171015,78.790001,2.94
2018-05-25,42.78,1.172264,76.440002,2.939
2018-05-26,33.69,1.17114033333333,76.17750125,2.923
2018-05-27,33.76,1.17001666666667,75.9150005,2.907
2018-05-28,48.22,1.168893,75.65249975,2.891
2018-05-29,46.97,1.162696,75.389999,2.875
2018-05-30,47.95,1.153935,77.5,2.885
2018-05-31,45.95,1.166725,77.589996,2.952
2018-06-01,46.78,1.169317,77.589996,2.962
2018-06-02,28.69,1.16849833333333,76.823331,2.95133333333333
2018-06-03,22.56,1.16767966666667,76.056666,2.94066666666667
2018-06-04,45.74,1.166861,75.290001,2.93
2018-06-05,52.08,1.170056,75.379997,2.89
2018-06-06,51.29,1.172622,75.360001,2.896
2018-06-07,51.83,1.17855,77.32,2.93
2018-06-08,49.68,1.179523,76.459999,2.89
2018-06-09,39.76,1.179148,76.459999,2.90966666666667
2018-06-10,35.57,1.178773,76.459999,2.92933333333333
2018-06-11,47.63,1.178398,76.459999,2.949
2018-06-12,48.19,1.177413,75.879997,2.939
2018-06-13,48.22,1.174826,76.739998,2.963
2018-06-14,45.93,1.180777,75.940002,2.965
2018-06-15,50.57,1.156658,73.440002,3.022
2018-06-16,38.83,1.157637,74.0733333333333,2.99833333333333
2018-06-17,24.42,1.158616,74.7066646666667,2.97466666666667
2018-06-18,45.58,1.159595,75.339996,2.951
2018-06-19,49.13,1.163075,75.080002,2.9
2018-06-20,47.23,1.158856,74.739998,2.964
2018-06-21,36.74,1.157903,73.050003,2.975
2018-06-22,26,1.160578,75.550003,2.945
2018-06-23,27.73,1.162432,75.2766696666667,2.93766666666667
2018-06-24,30.28,1.164286,75.0033363333333,2.93033333333333
2018-06-25,45.98,1.16614,74.730003,2.923
2018-06-26,48.75,1.170275,76.309998,2.939
2018-06-27,49.6,1.165026,77.620003,2.996
2018-06-28,45.05,1.156363,77.849998,2.94
2018-06-29,46.19,1.156297,79.440002,2.924
2018-06-30,43.52,1.16015,79.4300026666667,2.90333333333333
2018-07-01,30.59,1.164003,79.4200033333333,2.88266666666667
2018-07-02,52.27,1.167856,79.410004,2.862
2018-07-03,56.9,1.164212,77.760002,2.87
2018-07-04,57.29,1.165922,77.5750005,2.8535
2018-07-05,55.96,1.166235,77.389999,2.837
2018-07-06,51.86,1.169591,77.110001,2.858
2018-07-07,43.88,1.17146933333333,77.4300006666667,2.848
2018-07-08,36.39,1.17334766666667,77.7500003333333,2.838
2018-07-09,52.39,1.175226,78.07,2.828
2018-07-10,52.95,1.175696,78.860001,2.788
2018-07-11,52.57,1.172704,73.400002,2.829
2018-07-12,53.31,1.167679,74.449997,2.797
2018-07-13,51.45,1.166589,75.330002,2.752
2018-07-14,48.98,1.16702933333333,74.1666666666667,2.75433333333333
2018-07-15,46.36,1.16746966666667,73.0033313333333,2.75666666666667
2018-07-16,53.7,1.16791,71.839996,2.759
2018-07-17,52.14,1.170946,72.160004,2.74
2018-07-18,50.66,1.165325,72.900002,2.721
2018-07-19,51.7,1.164565,72.580002,2.769
2018-07-20,53.54,1.165515,73.07,2.757
2018-07-21,50.37,1.168407,73.066666,2.745
2018-07-22,46.82,1.171299,73.063332,2.733
2018-07-23,55.06,1.174191,73.059998,2.721
2018-07-24,57.23,1.169413,73.440002,2.732
2018-07-25,59.24,1.168552,73.93,2.775
2018-07-26,60.04,1.17375,74.540001,2.78
2018-07-27,56.23,1.164293,74.290001,2.822
2018-07-28,47.35,1.164877,74.5166676666667,2.81366666666667
2018-07-29,44.87,1.165461,74.7433343333333,2.80533333333333
2018-07-30,55.19,1.166045,74.970001,2.797
2018-07-31,56.33,1.170741,74.25,2.782
2018-08-01,56.3,1.168962,74.25,2.758
2018-08-02,59.51,1.166589,73.449997,2.816
2018-08-03,63.71,1.158601,73.209999,2.853
2018-08-04,51.35,1.15781066666667,73.3899993333333,2.85533333333333
2018-08-05,50.96,1.15702033333333,73.5699996666667,2.85766666666667
2018-08-06,62.22,1.15623,73.75,2.86
2018-08-07,63.36,1.155802,74.650002,2.897
2018-08-08,56.5,1.160295,72.279999,2.949
2018-08-09,54.71,1.161076,72.07,2.955
2018-08-10,46.48,1.152392,72.809998,2.944
2018-08-11,48.03,1.148085,72.7433323333333,2.93933333333333
2018-08-12,43.15,1.143778,72.6766666666667,2.93466666666667
2018-08-13,55.99,1.139471,72.610001,2.93
2018-08-14,55.21,1.140251,72.459999,2.959
2018-08-15,52.87,1.134572,70.760002,2.94
2018-08-16,56.23,1.13443,71.43,2.908
2018-08-17,57.93,1.137139,71.830002,2.946
2018-08-18,54.88,1.13935,71.9566676666667,2.94433333333333
2018-08-19,49.9,1.141561,72.0833333333333,2.94266666666667
2018-08-20,60.55,1.143772,72.209999,2.941
2018-08-21,67.36,1.149135,72.629997,2.98
2018-08-22,68.02,1.157675,74.779999,2.956
2018-08-23,67.33,1.15848,74.730003,2.964
2018-08-24,62.15,1.154335,75.82,2.917
2018-08-25,59.24,1.15785333333333,75.9499996666667,2.90333333333333
2018-08-26,54.76,1.16137166666667,76.0799993333333,2.88966666666667
2018-08-27,60.15,1.16489,76.209999,2.876
2018-08-28,68.24,1.168361,75.949997,2.852
2018-08-29,68.3,1.169126,77.139999,2.895
2018-08-30,68.19,1.170974,77.769997,2.874
2018-08-31,66.88,1.166466,77.419998,2.916
2018-09-01,61.64,1.164346,77.607498,2.89275
2018-09-02,54.39,1.162226,77.794998,2.8695
2018-09-03,65.23,1.160106,77.982498,2.84625
2018-09-04,66.94,1.161548,78.169998,2.823
2018-09-05,69.41,1.158655,77.269997,2.795
2018-09-06,66.96,1.163521,76.5,2.772
2018-09-07,65.1,1.162007,76.830002,2.776
2018-09-08,58.84,1.160041,77.0100023333333,2.78533333333333
2018-09-09,50.71,1.158075,77.1900026666667,2.79466666666667
2018-09-10,65.74,1.156109,77.370003,2.804
2018-09-11,64.11,1.159595,79.059998,2.828
2018-09-12,68.3,1.159608,79.739998,2.829
2018-09-13,71.1,1.162926,78.18,2.817
2018-09-14,66.25,1.16918,78.089996,2.767
2018-09-15,54.83,1.16708633333333,78.076665,2.78266666666667
2018-09-16,47.29,1.16499266666667,78.063334,2.79833333333333
2018-09-17,64.94,1.162899,78.050003,2.814
2018-09-18,61.84,1.166916,79.029999,2.933
2018-09-19,62.46,1.167992,79.400002,2.908
2018-09-20,62.13,1.167461,78.699997,2.976
2018-09-21,59.24,1.177593,78.800003,2.977
2018-09-22,64.95,1.17676266666667,79.600001,2.99733333333333
2018-09-23,50.24,1.17593233333333,80.399999,3.01766666666667
2018-09-24,65.67,1.175102,81.199997,3.038
2018-09-25,65.31,1.175295,81.870003,3.082
2018-09-26,63.64,1.176318,81.339996,3.021
2018-09-27,64.44,1.174853,81.720001,3.056
2018-09-28,61.72,1.163738,82.720001,3.008
2018-09-29,60.03,1.162671,82.7033333333333,3.03666666666667
2018-09-30,55.75,1.161604,82.6866656666667,3.06533333333333
2018-10-01,65.05,1.160537,82.669998,3.094
2018-10-02,66.27,1.157756,84.800003,3.166
2018-10-03,68.71,1.155175,86.290001,3.23
2018-10-04,71.5,1.147631,84.580002,3.165
2018-10-05,67.39,1.151808,84.160004,3.143
2018-10-06,59.17,1.15195866666667,84.0766706666667,3.18433333333333
2018-10-07,55.45,1.15210933333333,83.9933373333333,3.22566666666667
2018-10-08,70.23,1.15226,83.910004,3.267
2018-10-09,75.2,1.149412,85,3.266
2018-10-10,68.04,1.150695,83.089996,3.284
2018-10-11,65.31,1.153336,80.260002,3.222
2018-10-12,61.49,1.159044,80.43,3.161
2018-10-13,57.62,1.157741,80.5466663333333,3.188
2018-10-14,40.61,1.156438,80.6633326666667,3.215
2018-10-15,67.76,1.155135,80.779999,3.242
2018-10-16,74.04,1.158346,81.410004,3.239
2018-10-17,74.82,1.157528,80.050003,3.32
2018-10-18,66.17,1.150086,79.290001,3.198
2018-10-19,66.53,1.146,79.779999,3.25
2018-10-20,60.31,1.147649,79.7966666666667,3.21266666666667
2018-10-21,57.02,1.149298,79.8133343333333,3.17533333333333
2018-10-22,62.73,1.150947,79.830002,3.138
2018-10-23,63.5,1.146789,76.440002,3.212
2018-10-24,67.25,1.147315,76.169998,3.166
2018-10-25,71.67,1.139926,76.889999,3.202
2018-10-26,70.5,1.137786,77.620003,3.185
2018-10-27,66.23,1.138482,77.5266673333333,3.185
2018-10-28,53.78,1.139178,77.4333316666667,3.185
2018-10-29,74.31,1.139874,77.339996,3.185
2018-10-30,73.12,1.137618,75.910004,3.187
2018-10-31,73.27,1.134636,75.470001,3.261
2018-11-01,54.12,1.13167,75.5,3.237
2018-11-02,65.98,1.140329,72.830002,3.284
2018-11-03,61.09,1.14013833333333,72.943334,3.37833333333333
2018-11-04,54.4,1.13994766666667,73.056666,3.47266666666667
2018-11-05,62.71,1.139757,73.169998,3.567
2018-11-06,60.24,1.141292,72.129997,3.555
2018-11-07,57.26,1.143851,72.07,3.555
2018-11-08,62.96,1.143406,70.650002,3.543
2018-11-09,60.52,1.136842,70.18,3.719
2018-11-10,51.09,1.13539566666667,70.160001,3.742
2018-11-11,49.9,1.13394933333333,70.140002,3.765
2018-11-12,62.88,1.132503,70.120003,3.788
2018-11-13,64.74,1.123343,65.470001,4.101
2018-11-14,64.47,1.131119,66.120003,4.837
2018-11-15,66.38,1.131183,66.620003,4.038
2018-11-16,67.3,1.13249,66.760002,4.272
2018-11-17,60.27,1.13545866666667,66.7700016666667,4.41466666666667
2018-11-18,56.91,1.13842733333333,66.7800013333333,4.55733333333333
2018-11-19,74.31,1.141396,66.790001,4.7
2018-11-20,95.19,1.145502,62.529999,4.523
2018-11-21,115.13,1.137242,63.48,4.451
2018-11-22,102.22,1.138835,61.1399995,4.3795
2018-11-23,84.76,1.140316,58.799999,4.308
2018-11-24,66.47,1.13812233333333,59.3599993333333,4.288
2018-11-25,59.43,1.13592866666667,59.9199996666667,4.268
2018-11-26,89.12,1.133735,60.48,4.248
2018-11-27,77.5,1.133337,60.209999,4.262
2018-11-28,62.24,1.12988,58.759998,4.715
2018-11-29,62.38,1.136855,59.509998,4.646
2018-11-30,62.18,1.139277,58.709999,4.612
2018-12-01,58.06,1.13759266666667,58.7033323333333,4.521
2018-12-02,45.5,1.13590833333333,58.6966656666667,4.43
2018-12-03,51.99,1.134224,58.689999,4.339
2018-12-04,60.35,1.135486,62.080002,4.457
2018-12-05,59.63,1.134288,61.0700015,4.392
2018-12-06,57.59,1.134906,60.060001,4.327
2018-12-07,48.66,1.137475,61.669998,4.488
2018-12-08,29.13,1.13834833333333,61.1033323333333,4.507
2018-12-09,25.63,1.13922166666667,60.5366666666667,4.526
2018-12-10,50.98,1.140095,59.970001,4.545
2018-12-11,62.32,1.135654,60.200001,4.407
2018-12-12,71.01,1.132311,60.150002,4.136
2018-12-13,69.83,1.137346,61.450001,4.124
2018-12-14,75.34,1.136364,60.279999,3.827
2018-12-15,61.3,1.134441,60.0566663333333,3.72733333333333
2018-12-16,57.29,1.132518,59.8333336666667,3.62766666666667
2018-12-17,70.05,1.130595,59.610001,3.528
2018-12-18,61.92,1.134984,56.259998,3.838
2018-12-19,61.12,1.13754,57.240002,3.726
2018-12-20,59.46,1.138952,54.349998,3.583
2018-12-21,53.95,1.145685,53.82,3.816
2018-12-22,44.58,1.14288366666667,52.7033336666667,3.69966666666667
2018-12-23,45.36,1.14008233333333,51.5866673333333,3.58333333333333
2018-12-24,50.33,1.137281,50.470001,3.467
2018-12-25,39.29,1.140394,52.470001,3.505
2018-12-26,52.69,1.141553,54.470001,3.543
2018-12-27,61.51,1.136131,52.16,3.642
2018-12-28,60.84,1.143105,52.200001,3.303
2018-12-29,53.45,1.14340166666667,52.226667,3.182
2018-12-30,47.33,1.14369833333333,52.253333,3.061
2018-12-31,55.32,1.143995,52.279999,2.94
2019-01-01,41.24,1.149306,53.5949995,2.949
2019-01-02,54.27,1.146171,54.91,2.958
2019-01-03,61.25,1.131811,55.950001,2.945
2019-01-04,64.93,1.139108,57.060001,3.044
2019-01-05,62.66,1.13975333333333,57.1500013333333,3.01066666666667
2019-01-06,55.61,1.14039866666667,57.2400016666667,2.97733333333333
2019-01-07,62.78,1.141044,57.330002,2.944
2019-01-08,57.8,1.147974,58.720001,2.967
2019-01-09,57.76,1.145607,61.439999,2.984
2019-01-10,69.23,1.155495,61.68,2.969
2019-01-11,65.34,1.151013,60.48,3.099
2019-01-12,53.54,1.14934666666667,59.983334,3.263
2019-01-13,46.28,1.14768033333333,59.486668,3.427
2019-01-14,56.65,1.146014,58.990002,3.591
2019-01-15,60.94,1.147289,60.639999,3.501
2019-01-16,62.7,1.141683,61.32,3.384
2019-01-17,61.56,1.139809,61.18,3.413
2019-01-18,66.68,1.139264,62.700001,3.482
2019-01-19,63.87,1.13836166666667,62.40000075,3.3715
2019-01-20,61.54,1.13745933333333,62.1000005,3.261
2019-01-21,71.51,1.136557,61.80000025,3.1505
2019-01-22,72.32,1.136932,61.5,3.04
2019-01-23,76.07,1.136402,61.139999,2.98
2019-01-24,85.94,1.138822,61.09,3.099
2019-01-25,69.53,1.13135,61.639999,3.178
2019-01-26,54.39,1.13466833333333,61.0699993333333,3.089
2019-01-27,40.53,1.13798666666667,60.4999996666667,3
2019-01-28,55.89,1.141305,59.93,2.911
2019-01-29,62.67,1.143001,61.32,2.95
2019-01-30,59.18,1.143537,61.650002,2.854
2019-01-31,61.13,1.148765,61.889999,2.814
2019-02-01,59.49,1.144951,61.869999,2.734
2019-02-02,50.21,1.14514333333333,62.083332,2.70933333333333
2019-02-03,47.78,1.14533566666667,62.296665,2.68466666666667
2019-02-04,57.23,1.145528,62.509998,2.66
2019-02-05,58.36,1.143628,61.98,2.662
2019-02-06,53,1.140993,62.689999,2.662
2019-02-07,48.21,1.136596,61.630001,2.551
2019-02-08,47.39,1.133877,62.099998,2.583
2019-02-09,33.78,1.13339333333333,61.9033313333333,2.60266666666667
2019-02-10,32.09,1.13290966666667,61.7066646666667,2.62233333333333
2019-02-11,47.13,1.132426,61.509998,2.642
2019-02-12,51.39,1.127904,62.419998,2.688
2019-02-13,49.7,1.133466,63.610001,2.575
2019-02-14,50.45,1.126494,64.57,2.573
2019-02-15,48.85,1.129535,66.25,2.625
2019-02-16,44.03,1.12962433333333,66.29999925,2.63425
2019-02-17,39.67,1.12971366666667,66.3499985,2.6435
2019-02-18,47.02,1.129803,66.39999775,2.65275
2019-02-19,47.02,1.131196,66.449997,2.662
2019-02-20,47.16,1.134301,67.080002,2.636
2019-02-21,47.03,1.134636,67.07,2.697
2019-02-22,47.02,1.134301,67.120003,2.717
2019-02-23,40.06,1.13427533333333,66.333336,2.75666666666667
2019-02-24,39.64,1.13424966666667,65.546669,2.79633333333333
2019-02-25,44.44,1.134224,64.760002,2.836
2019-02-26,43.75,1.136751,65.209999,2.855
2019-02-27,43.43,1.139315,66.389999,2.799
2019-02-28,40.09,1.138019,66.029999,2.812
2019-03-01,44.35,1.137346,66.010002,2.859
2019-03-02,40.71,1.137428,65.8966673333333,2.85833333333333
2019-03-03,17.88,1.13751,65.7833326666667,2.85766666666667
2019-03-04,29.23,1.137592,65.669998,2.857
2019-03-05,40.41,1.133735,65.860001,2.884
2019-03-06,35.98,1.13071,65.989998,2.841
2019-03-07,32.65,1.131401,66.300003,2.866
2019-03-08,40.03,1.119833,65.739998,2.865
2019-03-09,24.03,1.12096933333333,66.0199993333333,2.834
2019-03-10,18.29,1.12210566666667,66.3000006666667,2.803
2019-03-11,39.28,1.123242,66.580002,2.772
2019-03-12,39.41,1.125923,66.669998,2.784
2019-03-13,28.88,1.128745,67.550003,2.82
2019-03-14,35.13,1.133106,67.230003,2.855
2019-03-15,29.85,1.130838,67.160004,2.795
2019-03-16,17.75,1.13121766666667,67.2866696666667,2.81333333333333
2019-03-17,8.76,1.13159733333333,67.4133353333333,2.83166666666667
2019-03-18,38.6,1.131977,67.540001,2.85
2019-03-19,45.31,1.13362,67.610001,2.874
2019-03-20,41.96,1.135486,68.5,2.82
2019-03-21,39.93,1.142792,67.860001,2.821
2019-03-22,40.45,1.137501,67.029999,2.753
2019-03-23,35.6,1.13486266666667,67.089999,2.75366666666667
2019-03-24,33.35,1.13222433333333,67.149999,2.75433333333333
2019-03-25,33.86,1.129586,67.209999,2.755
2019-03-26,37.29,1.13158,67.970001,2.74
2019-03-27,39.97,1.127485,67.830002,2.713
2019-03-28,40.48,1.125176,67.82,2.712
2019-03-29,39.34,1.123002,68.389999,2.662
2019-03-30,34.05,1.12279633333333,68.3766653333333,2.67733333333333
2019-03-31,26.68,1.12259066666667,68.3633316666667,2.69266666666667
2019-04-01,36.67,1.122385,68.349998,2.708
2019-04-02,35.73,1.120574,69.370003,2.684
2019-04-03,42.93,1.120385,69.309998,2.677
2019-04-04,43.8,1.124695,69.400002,2.643
2019-04-05,43.53,1.122586,70.339996,2.664
2019-04-06,39.13,1.12237633333333,70.59333,2.67866666666667
2019-04-07,38.37,1.12216666666667,70.846664,2.69333333333333
2019-04-08,45.42,1.121957,71.099998,2.708
2019-04-09,42.72,1.125644,70.610001,2.699
2019-04-10,44.07,1.126697,71.730003,2.7
2019-04-11,44.74,1.12765,70.830002,2.664
2019-04-12,44.9,1.126075,71.550003,2.66
2019-04-13,42.95,1.127552,71.4266686666667,2.63666666666667
2019-04-14,41.57,1.129029,71.3033343333333,2.61333333333333
2019-04-15,46.91,1.130506,71.18,2.59
2019-04-16,45.25,1.130493,71.720001,2.572
2019-04-17,42.26,1.128503,71.620003,2.517
2019-04-18,41.55,1.129714,71.970001,2.49
2019-04-19,36.3,1.123595,72.487501,2.4985
2019-04-20,30.31,1.12388166666667,73.005001,2.507
2019-04-21,30.88,1.12416833333333,73.522501,2.5155
2019-04-22,10.86,1.124455,74.040001,2.524
2019-04-23,26.94,1.125898,74.510002,2.455
2019-04-24,33.39,1.122435,74.57,2.462
2019-04-25,28.66,1.115349,74.349998,2.514
2019-04-26,39.97,1.113685,72.150002,2.566
2019-04-27,24.26,1.114132,72.113335,2.575
2019-04-28,33.46,1.114579,72.076668,2.584
2019-04-29,42.06,1.115026,72.040001,2.593
2019-04-30,42.85,1.118518,72.800003,2.575
2019-05-01,28.34,1.121604,72.790001,2.62
2019-05-02,38.93,1.120084,70.75,2.589
2019-05-03,40.78,1.117356,70.849998,2.567
2019-05-04,38.57,1.11776433333333,70.979998,2.55266666666667
2019-05-05,31.33,1.11817266666667,71.109998,2.53833333333333
2019-05-06,44.76,1.118581,71.239998,2.524
2019-05-07,50.02,1.120185,69.879997,2.537
2019-05-08,38.4,1.119107,70.370003,2.61
2019-05-09,44.66,1.119833,70.389999,2.595
2019-05-10,44.88,1.122208,70.620003,2.619
2019-05-11,33.34,1.12268733333333,70.490003,2.61966666666667
2019-05-12,23.53,1.12316666666667,70.360003,2.62033333333333
2019-05-13,39.21,1.123646,70.230003,2.621
2019-05-14,40.57,1.123255,71.239998,2.659
2019-05-15,40.72,1.120448,71.769997,2.601
2019-05-16,39.73,1.120724,72.620003,2.639
2019-05-17,42.11,1.117356,72.209999,2.631
2019-05-18,36.85,1.11708133333333,72.1299996666667,2.645
2019-05-19,35.22,1.11680666666667,72.0500003333333,2.659
2019-05-20,45.49,1.116532,71.970001,2.673
2019-05-21,42.65,1.116857,72.18,2.613
2019-05-22,40.09,1.1162025,70.989998,2.543
2019-05-23,39.67,1.115548,67.760002,2.578
2019-05-24,38.81,1.118456,68.690002,2.598
2019-05-25,36.68,1.11929166666667,69.04500175,2.594
2019-05-26,21.34,1.12012733333333,69.4000015,2.59
2019-05-27,31.83,1.120963,69.75500125,2.586
2019-05-28,34.52,1.119382,70.110001,2.582
2019-05-29,37.49,1.117069,69.449997,2.633
2019-05-30,19.29,1.113735,66.870003,2.547
2019-05-31,33.82,1.113115,64.489998,2.454
2019-06-01,28.88,1.11454533333333,64.4766643333333,2.437
2019-06-02,17.69,1.11597566666667,64.4633306666667,2.42
2019-06-03,35.22,1.117406,64.449997,2.403
2019-06-04,35.6,1.124632,61.970001,2.416
2019-06-05,35.11,1.125404,60.630001,2.378
2019-06-06,33.53,1.122902,61.669998,2.324
2019-06-07,26.45,1.12765,63.290001,2.337
2019-06-08,3.68,1.12910533333333,62.9566676666667,2.34366666666667
2019-06-09,20.03,1.13056066666667,62.6233343333333,2.35033333333333
2019-06-10,31.26,1.132016,62.290001,2.357
2019-06-11,40.33,1.131811,62.290001,2.399
2019-06-12,39.48,1.132952,59.970001,2.386
2019-06-13,32.44,1.129561,61.310001,2.325
2019-06-14,34.5,1.128044,62.009998,2.387
2019-06-15,27.79,1.125931,61.6533316666667,2.38666666666667
2019-06-16,23.77,1.123818,61.2966653333333,2.38633333333333
2019-06-17,33.4,1.121705,60.939999,2.386
2019-06-18,33.77,1.12246,62.139999,2.328
2019-06-19,33.26,1.119821,61.82,2.276
2019-06-20,34.66,1.123848,64.449997,2.185
2019-06-21,33.89,1.129561,65.199997,2.186
2019-06-22,24.31,1.13253133333333,65.086665,2.225
2019-06-23,12.01,1.13550166666667,64.973333,2.264
2019-06-24,29.73,1.138472,64.860001,2.303
2019-06-25,33.54,1.14003,65.050003,2.308
2019-06-26,29.33,1.136997,66.489998,2.291
2019-06-27,31.25,1.137475,66.550003,2.324
2019-06-28,35.02,1.137294,66.550003,2.308
2019-06-29,29.18,1.137027,66.5333353333333,2.29433333333333
2019-06-30,18.61,1.13676,66.5166676666667,2.28066666666667
2019-07-01,30.13,1.136493,66.5,2.267
2019-07-02,33.95,1.128745,62.400002,2.24
2019-07-03,31.82,1.129305,63.82,2.29
2019-07-04,31.28,1.128796,64.0250015,2.354
2019-07-05,33.83,1.128579,64.230003,2.418
2019-07-06,29.34,1.126632,64.1900023333333,2.413
2019-07-07,25.44,1.124685,64.1500016666667,2.408
2019-07-08,34.75,1.122738,64.110001,2.403
2019-07-09,35.63,1.121604,64.160004,2.425
2019-07-10,40.47,1.120825,67.010002,2.444
2019-07-11,44.11,1.125885,66.519997,2.416
2019-07-12,40.92,1.125239,66.720001,2.453
2019-07-13,36.44,1.12589433333333,66.6400016666667,2.438
2019-07-14,33.04,1.12654966666667,66.5600023333333,2.423
2019-07-15,39.6,1.127205,66.480003,2.408
2019-07-16,42.9,1.126177,64.349998,2.306
2019-07-17,45.22,1.121227,63.66,2.304
2019-07-18,40.97,1.122965,61.93,2.287
2019-07-19,42.39,1.126152,62.470001,2.251
2019-07-20,33.14,1.12471166666667,62.7333333333333,2.27133333333333
2019-07-21,32.28,1.12327133333333,62.9966656666667,2.29166666666667
2019-07-22,41.8,1.121831,63.259998,2.312
2019-07-23,46.07,1.120611,63.830002,2.3
2019-07-24,52.93,1.115126,63.18,2.22
2019-07-25,50.26,1.114243,63.389999,2.244
2019-07-26,46.79,1.114616,63.459999,2.169
2019-07-27,36.26,1.11414866666667,63.5433323333333,2.15966666666667
2019-07-28,31.64,1.11368133333333,63.6266656666667,2.15033333333333
2019-07-29,40.38,1.113214,63.709999,2.141
2019-07-30,31.97,1.114305,64.720001,2.137
2019-07-31,31.79,1.115797,65.169998,2.233
2019-08-01,42,1.107175,65.190002,2.202
2019-08-02,41.31,1.107886,61.889999,2.121
2019-08-03,35.13,1.10885833333333,61.1966663333333,2.104
2019-08-04,34.06,1.10983066666667,60.5033336666667,2.087
2019-08-05,36.63,1.110803,59.810001,2.07
2019-08-06,41.19,1.124379,58.939999,2.111
2019-08-07,36.46,1.120699,56.23,2.083
2019-08-08,33.39,1.120436,57.380001,2.128
2019-08-09,29.02,1.118718,58.529999,2.119
2019-08-10,14.03,1.11942866666667,58.5433326666667,2.11433333333333
2019-08-11,20.13,1.12013933333333,58.5566663333333,2.10966666666667
2019-08-12,32.58,1.12085,58.57,2.105
2019-08-13,33.65,1.121831,61.299999,2.147
2019-08-14,31.9,1.117706,59.48,2.143
2019-08-15,23.83,1.11433,58.23,2.232
2019-08-16,31.29,1.111358,58.639999,2.2
2019-08-17,24.13,1.11070033333333,59.0066666666667,2.20333333333333
2019-08-18,22.75,1.11004266666667,59.3733343333333,2.20666666666667
2019-08-19,31.12,1.109385,59.740002,2.21
2019-08-20,34.6,1.108316,60.029999,2.218
2019-08-21,34.03,1.109779,60.299999,2.17
2019-08-22,33.29,1.109078,59.919998,2.159
2019-08-23,31.31,1.108402,59.34,2.152
2019-08-24,31.26,1.11036966666667,59.126667,2.178
2019-08-25,28.5,1.11233733333333,58.913334,2.204
2019-08-26,40.42,1.114305,58.700001,2.23
2019-08-27,45.49,1.110371,59.509998,2.202
2019-08-28,46.8,1.109004,60.490002,2.251
2019-08-29,42.68,1.108586,61.080002,2.296
2019-08-30,39.94,1.106195,60.43,2.285
2019-08-31,32.26,1.10385633333333,59.8874995,2.30325
2019-09-01,30.09,1.10151766666667,59.344999,2.3215
2019-09-02,38.35,1.099179,58.8024985,2.33975
2019-09-03,36.39,1.096852,58.259998,2.358
2019-09-04,33.08,1.097454,60.700001,2.445
2019-09-05,32.62,1.103497,60.950001,2.435
2019-09-06,32.15,1.103631,61.540001,2.496
2019-09-07,32.77,1.103108,61.8900006666667,2.52566666666667
2019-09-08,31.1,1.102585,62.2400003333333,2.55533333333333
2019-09-09,42.82,1.102062,62.59,2.585
2019-09-10,35.6,1.104838,62.380001,2.58
2019-09-11,32.79,1.105033,60.810001,2.552
2019-09-12,37.39,1.101346,60.380001,2.574
2019-09-13,38.84,1.105828,60.220001,2.614
2019-09-14,34.5,1.10666533333333,63.153333,2.63633333333333
2019-09-15,28.29,1.10750266666667,66.086665,2.65866666666667
2019-09-16,47,1.10834,69.019997,2.681
2019-09-17,42.75,1.100594,64.550003,2.668
2019-09-18,39.06,1.107469,63.599998,2.637
2019-09-19,42.83,1.103144,64.400002,2.538
2019-09-20,40.28,1.10485,64.279999,2.534
2019-09-21,28.84,1.103868,64.4433316666667,2.53166666666667
2019-09-22,27.46,1.102886,64.6066643333333,2.52933333333333
2019-09-23,41.74,1.101904,64.769997,2.527
2019-09-24,40.25,1.099372,63.099998,2.503
2019-09-25,39.89,1.101686,62.389999,2.502
2019-09-26,39.31,1.09529,62.740002,2.428
2019-09-27,37.24,1.092275,61.91,2.404
2019-09-28,28.37,1.09294033333333,61.533333,2.37933333333333
2019-09-29,17.79,1.09360566666667,61.156666,2.35466666666667
2019-09-30,36.67,1.094271,60.779999,2.33
2019-10-01,39.97,1.089966,60.75,2.283
2019-10-02,38.69,1.093494,57.689999,2.247
2019-10-03,40.8,1.096371,57.709999,2.329
2019-10-04,40,1.097538,58.369999,2.352
2019-10-05,37.31,1.097912,58.363332,2.33566666666667
2019-10-06,31.81,1.098286,58.356665,2.31933333333333
2019-10-07,44.73,1.09866,58.349998,2.303
2019-10-08,39.21,1.097213,58.240002,2.288
2019-10-09,36.25,1.096011,58.32,2.234
2019-10-10,35.08,1.09878,59.099998,2.218
2019-10-11,27.9,1.101103,60.509998,2.214
2019-10-12,24.99,1.10173533333333,60.1233313333333,2.236
2019-10-13,23.81,1.10236766666667,59.7366646666667,2.258
2019-10-14,37.53,1.103,59.349998,2.28
2019-10-15,43.64,1.102901,58.740002,2.339
2019-10-16,41.2,1.103473,59.419998,2.303
2019-10-17,44.08,1.107493,59.91,2.318
2019-10-18,39.23,1.112718,59.419998,2.32
2019-10-19,33.09,1.11366966666667,59.266665,2.29266666666667
2019-10-20,34.83,1.11462133333333,59.113332,2.26533333333333
2019-10-21,44.65,1.115573,58.959999,2.238
2019-10-22,47.45,1.115175,59.700001,2.272
2019-10-23,44.47,1.112929,61.169998,2.282
2019-10-24,39.2,1.113239,61.669998,2.316
2019-10-25,38.34,1.110396,62.02,2.3
2019-10-26,26.16,1.10973933333333,61.87,2.34866666666667
2019-10-27,30.83,1.10908266666667,61.72,2.39733333333333
2019-10-28,46.92,1.108426,61.57,2.446
2019-10-29,48.57,1.109915,61.59,2.597
2019-10-30,49.66,1.111482,60.610001,2.691
2019-10-31,46.48,1.115449,60.23,2.633
2019-11-01,31.7,1.11571,60.209999,2.714
2019-11-02,28.38,1.11602566666667,60.8499996666667,2.74966666666667
2019-11-03,25.67,1.11634133333333,61.4900003333333,2.78533333333333
2019-11-04,37.49,1.116657,62.130001,2.821
2019-11-05,42.7,1.112855,62.959999,2.862
2019-11-06,51.79,1.10742,61.740002,2.828
2019-11-07,43.52,1.10704,62.290001,2.772
2019-11-08,48.38,1.10197,62.509998,2.789
2019-11-09,41.69,1.10206133333333,62.3999986666667,2.73833333333333
2019-11-10,41.03,1.10215266666667,62.2899993333333,2.68766666666667
2019-11-11,44.56,1.102244,62.18,2.637
2019-11-12,48.45,1.103546,62.060001,2.621
2019-11-13,56.49,1.101237,62.369999,2.6
2019-11-14,53.08,1.101322,62.279999,2.647
2019-11-15,57.41,1.10205,63.299999,2.688
2019-11-16,46.34,1.10320333333333,63.0133323333333,2.64733333333333
2019-11-17,43.24,1.10435666666667,62.7266656666667,2.60666666666667
2019-11-18,56.25,1.10551,62.439999,2.566
2019-11-19,64.2,1.107236,60.91,2.51
2019-11-20,59.37,1.108,62.400002,2.559
2019-11-21,56.24,1.107886,63.970001,2.567
2019-11-22,47.53,1.106586,63.389999,2.665
2019-11-23,40.67,1.10514266666667,63.4766666666667,2.62033333333333
2019-11-24,41.23,1.10369933333333,63.5633343333333,2.57566666666667
2019-11-25,51.24,1.102256,63.650002,2.531
2019-11-26,47.37,1.101443,64.269997,2.47
2019-11-27,42.31,1.102256,64.059998,2.501
2019-11-28,40.21,1.100485,63.244999,2.391
2019-11-29,47.41,1.101176,62.43,2.281
2019-11-30,42.32,1.10141866666667,62.4200006666667,2.297
2019-12-01,43.13,1.10166133333333,62.4100013333333,2.313
2019-12-02,50.98,1.101904,62.400002,2.329
2019-12-03,57.85,1.107911,60.82,2.441
2019-12-04,59.58,1.108525,63,2.399
2019-12-05,57.83,1.108303,63.389999,2.427
2019-12-06,48.78,1.110543,64.389999,2.334
2019-12-07,45.73,1.10899166666667,64.3433326666667,2.3
2019-12-08,31.54,1.10744033333333,64.2966663333333,2.266
2019-12-09,36.63,1.105889,64.25,2.232
2019-12-10,45.69,1.106499,64.339996,2.264
2019-12-11,46.53,1.109275,63.720001,2.243
2019-12-12,45.17,1.113586,64.199997,2.328
2019-12-13,35.74,1.118606,65.220001,2.296
2019-12-14,29.25,1.11655266666667,65.2599993333333,2.311
2019-12-15,24.99,1.11449933333333,65.2999976666667,2.326
2019-12-16,42.89,1.112446,65.339996,2.341
2019-12-17,42.67,1.113697,66.099998,2.319
2019-12-18,41.93,1.115138,66.169998,2.286
2019-12-19,28.19,1.111593,66.540001,2.273
2019-12-20,26.17,1.112595,66.139999,2.328
2019-12-21,20.02,1.111058,66.2233323333333,2.29
2019-12-22,13.79,1.109521,66.3066656666667,2.252
2019-12-23,26.15,1.107984,66.389999,2.214
2019-12-24,20.7,1.109385,67.199997,2.172
2019-12-25,14.52,1.109016,67.5599975,2.233
2019-12-26,25.78,1.109545,67.919998,2.294
2019-12-27,32.72,1.110112,68.160004,2.158
2019-12-28,31.29,1.112818,68.2533366666667,2.16733333333333
2019-12-29,31.09,1.115524,68.3466693333333,2.17666666666667
2019-12-30,34.74,1.11823,68.440002,2.186
2019-12-31,38.26,1.12023,68.379997,2.189
2020-01-01,35.21,1.122083,67.3149985,2.1555
2020-01-02,39.46,1.122083,66.25,2.122
2020-01-03,36.84,1.117144,68.599998,2.13
2020-01-04,34.34,1.116828,68.7033333333333,2.13166666666667
2020-01-05,36.05,1.116512,68.8066686666667,2.13333333333333
2020-01-06,39.19,1.116196,68.910004,2.135
2020-01-07,41.97,1.119799,68.269997,2.162
2020-01-08,40.43,1.115474,65.440002,2.141
2020-01-09,36.28,1.111321,65.370003,2.166
2020-01-10,38.48,1.111111,64.980003,2.202
2020-01-11,35.15,1.11129633333333,64.720001,2.19533333333333
2020-01-12,28.88,1.11148166666667,64.459999,2.18866666666667
2020-01-13,38.53,1.111667,64.199997,2.182
2020-01-14,30.55,1.113573,64.489998,2.187
2020-01-15,31.62,1.11309,64,2.12
2020-01-16,37.14,1.1154,64.620003,2.077
2020-01-17,36.79,1.113958,64.849998,2.003
2020-01-18,35.69,1.11245833333333,64.7849975,1.976
2020-01-19,33.26,1.11095866666667,64.719997,1.949
2020-01-20,44.78,1.109459,64.6549965,1.922
2020-01-21,46.85,1.109693,64.589996,1.895
2020-01-22,48.4,1.108561,63.209999,1.905
2020-01-23,51.54,1.109644,62.040001,1.926
2020-01-24,50.92,1.105522,60.689999,1.893
2020-01-25,40.8,1.10452666666667,60.2333326666667,1.896
2020-01-26,34.68,1.10353133333333,59.7766663333333,1.899
2020-01-27,38.51,1.102536,59.32,1.902
2020-01-28,34.79,1.101977,59.509998,1.934
2020-01-29,36.19,1.102256,59.810001,1.877
2020-01-30,35.66,1.101686,58.290001,1.829
2020-01-31,29.2,1.102913,58.16,1.841
2020-02-01,17.4,1.104935,58.1733336666667,1.83366666666667
2020-02-02,20.44,1.106957,58.1866673333333,1.82633333333333
2020-02-03,26.43,1.108979,58.200001,1.819
2020-02-04,27.97,1.106293,53.959999,1.872
2020-02-05,36.54,1.104728,55.279999,1.861
2020-02-06,37.04,1.100231,54.93,1.862
2020-02-07,34.87,1.098298,54.470001,1.858
2020-02-08,27.98,1.09717566666667,54.0700006666667,1.82733333333333
2020-02-09,14.73,1.09605333333333,53.6700003333333,1.79666666666667
2020-02-10,19.78,1.094931,53.27,1.766
2020-02-11,24.67,1.091346,54.009998,1.788
2020-02-12,28.48,1.091941,55.790001,1.844
2020-02-13,30.44,1.087595,56.34,1.826
2020-02-14,30.81,1.084599,57.32,1.837
2020-02-15,22.42,1.08445766666667,57.4275,1.873
2020-02-16,8.08,1.08431633333333,57.535,1.909
2020-02-17,24.02,1.084175,57.6425,1.945
2020-02-18,26.53,1.084011,57.75,1.981
2020-02-19,31.14,1.07954,59.119999,1.955
2020-02-20,30.1,1.08101,59.310001,1.92
2020-02-21,30.59,1.0788,58.5,1.905
2020-02-22,24.01,1.08050166666667,57.7666663333333,1.879
2020-02-23,19.53,1.08220333333333,57.0333326666667,1.853
2020-02-24,28.17,1.083905,56.299999,1.827
2020-02-25,26.5,1.08492,54.950001,1.847
2020-02-26,31,1.0882,53.43,1.821
2020-02-27,34.59,1.088589,52.18,1.752
2020-02-28,31.02,1.099723,50.52,1.684
2020-02-29,15.87,1.10152566666667,50.5066666666667,1.708
2020-03-01,15.65,1.10332833333333,50.4933333333333,1.732
2020-03-02,32.71,1.105131,50.48,1.756
2020-03-03,36.62,1.114405,51.860001,1.8
2020-03-04,39.34,1.118068,51.130001,1.827
2020-03-05,33.86,1.113908,49.990002,1.772
2020-03-06,30.48,1.122385,45.27,1.708
2020-03-07,28.61,1.12779066666667,41.6333336666667,1.73133333333333
2020-03-08,18.38,1.13319633333333,37.9966673333333,1.75466666666667
2020-03-09,35.87,1.138602,34.360001,1.778
2020-03-10,26.83,1.139796,37.220001,1.936
2020-03-11,26.27,1.131651,35.790001,1.878
2020-03-12,24.94,1.126152,33.220001,1.841
2020-03-13,29,1.118493,33.849998,1.869
2020-03-14,29.87,1.11750733333333,32.5833316666667,1.851
2020-03-15,13.84,1.11652166666667,31.3166653333333,1.833
2020-03-16,30.62,1.115536,30.049999,1.815
2020-03-17,28.3,1.116321,28.73,1.729
2020-03-18,26.15,1.101552,24.879999,1.604
2020-03-19,25.39,1.096155,28.469999,1.654
2020-03-20,20.87,1.065735,26.98,1.604
2020-03-21,11.64,1.06696966666667,26.996667,1.60333333333333
2020-03-22,6.05,1.06820433333333,27.013334,1.60266666666667
2020-03-23,16.72,1.069439,27.030001,1.602
2020-03-24,20.12,1.076461,27.15,1.653
2020-03-25,22.47,1.080264,27.389999,1.659
2020-03-26,21.32,1.088957,26.34,1.637
2020-03-27,21.46,1.104826,24.93,1.634
2020-03-28,14.13,1.10785333333333,24.2066666666667,1.65266666666667
2020-03-29,6.82,1.11088066666667,23.4833333333333,1.67133333333333
2020-03-30,21.72,1.113908,22.76,1.69
2020-03-31,22.05,1.103047,22.74,1.64
2020-04-01,22.98,1.102657,22.76,1.587
2020-04-02,21.86,1.095362,29.940001,1.552
2020-04-03,22.11,1.08474,34.110001,1.621
2020-04-04,16.83,1.083392,33.756667,1.65766666666667
2020-04-05,6.2,1.082044,33.403333,1.69433333333333
2020-04-06,12.59,1.080696,33.049999,1.731
2020-04-07,16.78,1.08038,31.870001,1.852
2020-04-08,15.17,1.089514,32.84,1.783
2020-04-09,17.24,1.086366,31.48,1.733
2020-04-10,14.51,1.092741,31.545,1.73075
2020-04-11,13.35,1.09291633333333,31.61,1.7285
2020-04-12,11.37,1.09309166666667,31.675,1.72625
2020-04-13,-6.5,1.093267,31.74,1.724
2020-04-14,12.01,1.092299,29.6,1.65
2020-04-15,14.48,1.098539,27.690001,1.598
2020-04-16,12.6,1.09051,27.82,1.686
2020-04-17,14.06,1.085847,28.08,1.753
2020-04-18,15.17,1.08613033333333,27.2433333333333,1.81
2020-04-19,7.57,1.08641366666667,26.4066666666667,1.867
2020-04-20,4.71,1.086697,25.57,1.924
2020-04-21,4.18,1.086484,19.33,1.821
2020-04-22,8.57,1.085647,20.370001,1.939
2020-04-23,17.75,1.080964,21.33,1.815
2020-04-24,18.72,1.077702,21.440001,1.746
2020-04-25,15.47,1.07925733333333,20.9566673333333,1.77033333333333
2020-04-26,14.43,1.08081266666667,20.4733336666667,1.79466666666667
2020-04-27,19.99,1.082368,19.99,1.819
2020-04-28,18.7,1.082485,20.459999,1.794
2020-04-29,12.77,1.083658,22.540001,1.869
2020-04-30,7.86,1.087725,25.27,1.949
2020-05-01,5.47,1.094547,25.290001,1.89
2020-05-02,11.25,1.095019,25.9266676666667,1.92433333333333
2020-05-03,11.89,1.095491,26.5633343333333,1.95866666666667
2020-05-04,16.46,1.095963,27.200001,1.993
2020-05-05,17.99,1.090429,30.969999,2.134
2020-05-06,21.14,1.083858,29.719999,1.944
2020-05-07,20.41,1.079855,29.459999,1.894
2020-05-08,19.38,1.083717,30.969999,1.823
2020-05-09,17.91,1.08379533333333,30.5233323333333,1.824
2020-05-10,10.49,1.08387366666667,30.0766656666667,1.825
2020-05-11,10.49,1.083952,29.629999,1.826
2020-05-12,21.28,1.080941,29.98,1.72
2020-05-13,22.1,1.084681,29.190001,1.616
2020-05-14,18.92,1.082368,31.129999,1.681
2020-05-15,18.62,1.080696,32.5,1.646
2020-05-16,16,1.08117533333333,33.2700003333333,1.69166666666667
2020-05-17,10.11,1.08165466666667,34.0400006666667,1.73733333333333
2020-05-18,16.94,1.082134,34.810001,1.783
2020-05-19,19.61,1.091512,34.650002,1.83
2020-05-20,19.42,1.092777,35.75,1.771
2020-05-21,17.82,1.098298,36.060001,1.71
2020-05-22,14.75,1.09529,35.130001,1.731
2020-05-23,11.65,1.09378666666667,35.39000025,1.7465
2020-05-24,-10.1,1.09228333333333,35.6499995,1.762
2020-05-25,16.86,1.09078,35.90999875,1.7775
2020-05-26,16.44,1.0903,36.169998,1.793
2020-05-27,19.41,1.098177,34.740002,1.722
2020-05-28,17.23,1.101686,35.290001,1.827
2020-05-29,16.81,1.107911,35.330002,1.849
2020-05-30,11.7,1.10922466666667,35.326668,1.824
2020-05-31,2.26,1.11053833333333,35.323334,1.799
2020-06-01,8.68,1.111852,35.32,1.774
2020-06-02,20.32,1.112595,39.57,1.777
2020-06-03,25.39,1.118944,39.790001,1.821
2020-06-04,22.57,1.123595,39.990002,1.822
2020-06-05,17.85,1.133787,42.299999,1.782
2020-06-06,7.44,1.13317533333333,41.799999,1.78433333333333
2020-06-07,17.4,1.13256366666667,41.299999,1.78666666666667
2020-06-08,29.6,1.131952,40.799999,1.789
2020-06-09,29.84,1.130557,41.18,1.767
2020-06-10,30.07,1.133222,41.73,1.78
2020-06-11,24.06,1.136544,38.549999,1.813
2020-06-12,20.69,1.128808,38.73,1.731
2020-06-13,20.18,1.12760566666667,39.0600003333333,1.71033333333333
2020-06-14,19.35,1.12640333333333,39.3900006666667,1.68966666666667
2020-06-15,31.05,1.125201,39.720001,1.669
2020-06-16,32.39,1.133774,40.959999,1.614
2020-06-17,34.69,1.12657,40.709999,1.638
2020-06-18,31.77,1.12429,41.509998,1.638
2020-06-19,29.86,1.1211,42.189999,1.669
2020-06-20,24.08,1.11998533333333,42.4866666666667,1.66733333333333
2020-06-21,19.09,1.11887066666667,42.7833343333333,1.66566666666667
2020-06-22,30.18,1.117756,43.080002,1.664
2020-06-23,32.27,1.127968,42.630001,1.637
2020-06-24,34.99,1.131235,40.310001,1.597
2020-06-25,35.91,1.125087,41.049999,1.482
2020-06-26,35.27,1.122208,41.02,1.495
2020-06-27,26.78,1.122334,41.2499996666667,1.56633333333333
2020-06-28,18.19,1.12246,41.4799993333333,1.63766666666667
2020-06-29,29.24,1.122586,41.709999,1.709
2020-06-30,34.36,1.12472,41.150002,1.751
2020-07-01,35.13,1.123595,41.130001,1.671
2020-07-02,38.94,1.125138,43.139999,1.734
2020-07-03,36.57,1.123785,43.12999875,1.758
2020-07-04,21.88,1.12409666666667,43.1199985,1.782
2020-07-05,3.19,1.12440833333333,43.10999825,1.806
2020-07-06,27.13,1.12472,43.099998,1.83
2020-07-07,35.09,1.131286,43.080002,1.876
2020-07-08,41.26,1.127523,43.290001,1.824
2020-07-09,41.54,1.133915,42.349998,1.779
2020-07-10,38.02,1.128796,43.240002,1.805
2020-07-11,29.38,1.129532,43.0666683333333,1.783
2020-07-12,24.9,1.130268,42.8933346666667,1.761
2020-07-13,34.68,1.131004,42.720001,1.739
2020-07-14,35.12,1.13455,42.900002,1.746
2020-07-15,39.94,1.14107,43.790001,1.778
2020-07-16,40.26,1.141719,43.369999,1.723
2020-07-17,36.98,1.139212,43.139999,1.718
2020-07-18,30.1,1.14090666666667,43.1866656666667,1.69233333333333
2020-07-19,28.14,1.14260133333333,43.2333323333333,1.66666666666667
2020-07-20,35.42,1.144296,43.279999,1.641
2020-07-21,36.05,1.145869,44.32,1.675
2020-07-22,37.71,1.153403,44.290001,1.681
2020-07-23,39.43,1.156872,43.310001,1.785
2020-07-24,33.96,1.159608,43.34,1.808
2020-07-25,27.29,1.161491,43.3633333333333,1.78333333333333
2020-07-26,20.16,1.163374,43.3866666666667,1.75866666666667
2020-07-27,35.05,1.165257,43.41,1.734
2020-07-28,32.99,1.176928,43.220001,1.8
2020-07-29,37.69,1.17188,43.75,1.854
2020-07-30,40.36,1.178287,42.939999,1.829
2020-07-31,41.41,1.187225,43.299999,1.799
2020-08-01,32.8,1.184227,43.2866653333333,1.89966666666667
2020-08-02,28.34,1.181229,43.2733316666667,2.00033333333333
2020-08-03,36.7,1.178231,43.259998,2.101
2020-08-04,34.81,1.176332,44.43,2.193
2020-08-05,33.31,1.181544,45.169998,2.191
2020-08-06,36.72,1.187282,45.09,2.165
2020-08-07,38,1.187648,44.400002,2.238
2020-08-08,33.17,1.184523,44.5966686666667,2.20966666666667
2020-08-09,30.18,1.181398,44.7933353333333,2.18133333333333
2020-08-10,38.5,1.178273,44.990002,2.153
2020-08-11,39.89,1.173778,44.5,2.171
2020-08-12,40.49,1.173654,45.43,2.152
2020-08-13,39.33,1.17938,44.959999,2.182
2020-08-14,37.7,1.181656,44.799999,2.356
2020-08-15,31.86,1.18285566666667,44.989999,2.35033333333333
2020-08-16,28.8,1.18405533333333,45.179999,2.34466666666667
2020-08-17,39.94,1.185255,45.369999,2.339
2020-08-18,41.28,1.187648,45.459999,2.417
2020-08-19,38.14,1.194786,45.369999,2.426
2020-08-20,37.79,1.18435,44.900002,2.352
2020-08-21,32.91,1.187366,44.349998,2.448
2020-08-22,25.02,1.18484466666667,44.609999,2.46966666666667
2020-08-23,22.15,1.18232333333333,44.87,2.49133333333333
2020-08-24,44.73,1.179802,45.130001,2.513
2020-08-25,39.7,1.179454,45.860001,2.489
2020-08-26,37.4,1.183502,45.639999,2.461
2020-08-27,52.82,1.184273,45.09,2.579
2020-08-28,42.61,1.181963,45.049999,2.657
2020-08-29,36.24,1.18525,45.0666653333333,2.648
2020-08-30,33.75,1.188537,45.0833316666667,2.639
2020-08-31,54.31,1.191824,45.099998,2.63
2020-09-01,49.87,1.193902,44.764999,2.527
2020-09-02,49.83,1.192321,44.43,2.486
2020-09-03,46.98,1.184736,44.07,2.487
2020-09-04,44.38,1.183978,42.66,2.588
2020-09-05,35.38,1.18380066666667,41.93999975,2.541
2020-09-06,34.88,1.18362333333333,41.2199995,2.494
2020-09-07,45.85,1.183446,40.49999925,2.447
2020-09-08,46.59,1.182173,39.779999,2.4
2020-09-09,49.48,1.177024,40.790001,2.406
2020-09-10,50.93,1.180638,40.060001,2.323
2020-09-11,52.43,1.182438,39.830002,2.269
2020-09-12,39.86,1.18304966666667,39.7566683333333,2.28266666666667
2020-09-13,34.71,1.18366133333333,39.6833346666667,2.29633333333333
2020-09-14,55.23,1.184273,39.610001,2.31
2020-09-15,72.76,1.187,40.529999,2.362
2020-09-16,57.83,1.184441,42.220001,2.267
2020-09-17,50.25,1.180345,43.299999,2.042
2020-09-18,44.71,1.18482,43.150002,2.048
2020-09-19,39.59,1.184731,42.580001,1.977
2020-09-20,38.9,1.184642,42.01,1.906
2020-09-21,64.4,1.184553,41.439999,1.835
2020-09-22,55.54,1.1768,41.720001,1.834
2020-09-23,48.76,1.170837,41.77,2.125
2020-09-24,43.64,1.165854,41.939999,2.248
2020-09-25,41.93,1.167324,41.919998,2.139
2020-09-26,33.27,1.166061,42.0899986666667,2.12633333333333
2020-09-27,31.05,1.164798,42.2599993333333,2.11366666666667
2020-09-28,47.26,1.163535,42.43,2.101
2020-09-29,58.82,1.167883,41.029999,2.561
2020-09-30,50.79,1.174205,40.950001,2.527
2020-10-01,44.09,1.172608,40.959999,2.527
2020-10-02,38.5,1.174495,39.27,2.438
2020-10-03,29.96,1.173678,39.9433336666667,2.497
2020-10-04,17.71,1.172861,40.6166673333333,2.556
2020-10-05,33.74,1.172044,41.290001,2.615
2020-10-06,35.33,1.179245,42.650002,2.52
2020-10-07,38.33,1.173764,41.990002,2.606
2020-10-08,37.22,1.176747,43.34,2.627
2020-10-09,42.25,1.1767,42.849998,2.741
2020-10-10,33.52,1.17836133333333,42.4733323333333,2.78766666666667
2020-10-11,32.76,1.18002266666667,42.0966666666667,2.83433333333333
2020-10-12,47.19,1.181684,41.720001,2.881
2020-10-13,46.95,1.181614,42.450001,2.855
2020-10-14,43.3,1.174219,43.32,2.636
2020-10-15,44.03,1.174398,43.16,2.775
2020-10-16,47.8,1.170713,42.93,2.773
2020-10-17,41.92,1.170992,42.8266663333333,2.78033333333333
2020-10-18,39.17,1.171271,42.7233326666667,2.78766666666667
2020-10-19,44.63,1.17155,42.619999,2.795
2020-10-20,39.27,1.176886,43.16,2.913
2020-10-21,38.99,1.182984,41.73,3.023
2020-10-22,44.02,1.185396,42.459999,3.007
2020-10-23,46.68,1.181502,41.77,2.971
2020-10-24,31.18,1.18261733333333,41.333333,2.98866666666667
2020-10-25,17.88,1.18373266666667,40.896666,3.00633333333333
2020-10-26,39.65,1.184848,40.459999,3.024
2020-10-27,38.88,1.180944,41.200001,3.019
2020-10-28,38.2,1.178411,39.119999,2.996
2020-10-29,37.18,1.174867,37.650002,3.301
2020-10-30,33.02,1.16787,37.459999,3.354
2020-10-31,31.98,1.16665066666667,37.459999,3.31733333333333
2020-11-01,17.35,1.16543133333333,37.459999,3.28066666666667
2020-11-02,26.7,1.164212,37.459999,3.244
2020-11-03,36.99,1.16428,39.709999,3.059
2020-11-04,41.63,1.176221,41.23,3.046
2020-11-05,39.02,1.173268,40.93,2.942
2020-11-06,40.33,1.181754,39.450001,2.888
2020-11-07,35.21,1.18426966666667,40.4333346666667,2.87833333333333
2020-11-08,35.03,1.18678533333333,41.4166683333333,2.86866666666667
2020-11-09,44.04,1.189301,42.400002,2.859
2020-11-10,46.13,1.182732,43.610001,2.949
2020-11-11,39.78,1.181879,43.799999,3.031
2020-11-12,40.89,1.17803,43.529999,2.976
2020-11-13,41.16,1.180339,42.779999,2.995
2020-11-14,36.12,1.18173433333333,43.126666,2.89566666666667
2020-11-15,13.19,1.18312966666667,43.473333,2.79633333333333
2020-11-16,31.29,1.184525,43.82,2.697
2020-11-17,40,1.185944,43.75,2.692
2020-11-18,39.24,1.186366,44.34,2.712
2020-11-19,33.66,1.184764,44.200001,2.592
2020-11-20,44.38,1.186648,44.959999,2.65
2020-11-21,38.29,1.186648,45.3266663333333,2.67033333333333
2020-11-22,38.05,1.186648,45.6933336666667,2.69066666666667
2020-11-23,48.29,1.186648,46.060001,2.711
2020-11-24,46.75,1.184273,47.860001,2.775
2020-11-25,47.46,1.190051,48.610001,2.896
2020-11-26,54.68,1.192,48.3950005,2.8695
2020-11-27,60.09,1.1916,48.18,2.843
2020-11-28,47.69,1.19344866666667,47.9833333333333,2.856
2020-11-29,45.43,1.19529733333333,47.7866666666667,2.869
2020-11-30,54.52,1.197146,47.59,2.882
2020-12-01,55.57,1.193816,47.610001,2.88
2020-12-02,74.29,1.207438,48.25,2.78
2020-12-03,53.16,1.21146,48.709999,2.507
2020-12-04,51.15,1.214565,49.25,2.575
2020-12-05,51.05,1.21375533333333,49.096667,2.51866666666667
2020-12-06,46.15,1.21294566666667,48.943334,2.46233333333333
2020-12-07,61.7,1.212136,48.790001,2.406
2020-12-08,66.73,1.211314,48.84,2.399
2020-12-09,76.03,1.211094,48.860001,2.442
2020-12-10,70.23,1.207875,50.25,2.553
2020-12-11,52.21,1.214429,49.970001,2.591
2020-12-12,46.22,1.214066,50.0766676666667,2.62133333333333
2020-12-13,43.93,1.213703,50.1833343333333,2.65166666666667
2020-12-14,47.54,1.21334,50.290001,2.682
2020-12-15,52.43,1.21489,50.759998,2.682
2020-12-16,52.1,1.21543,51.080002,2.677
2020-12-17,54.82,1.219959,51.5,2.636
2020-12-18,48.28,1.226272,52.259998,2.7
2020-12-19,38.58,1.224719,51.8099986666667,2.70166666666667
2020-12-20,41.4,1.223166,51.3599993333333,2.70333333333333
2020-12-21,45.11,1.221613,50.91,2.705
2020-12-22,34.55,1.223691,50.080002,2.78
2020-12-23,41.89,1.218665,51.200001,2.608
2020-12-24,29.93,1.219141,51.290001,2.518
2020-12-25,25.74,1.218472,51.182501,2.46475
2020-12-26,29.75,1.21915133333333,51.075001,2.4115
2020-12-27,19.58,1.21983066666667,50.967501,2.35825
2020-12-28,42.09,1.22051,50.860001,2.305
2020-12-29,49.23,1.222345,51.09,2.467
2020-12-30,50.27,1.225295,51.34,2.422
2020-12-31,49.23,1.22999,51.29,2.539
2021-01-01,48.4,1.218027,51.24,2.5495
2021-01-02,50.56,1.22037466666667,51.19,2.56
2021-01-03,47.1,1.22272233333333,51.14,2.5705
2021-01-04,59.27,1.22507,51.09,2.581
2021-01-05,63.85,1.22516,53.599998,2.702
2021-01-06,70.16,1.230027,54.299999,2.716
2021-01-07,82.1,1.234111,54.380001,2.729
2021-01-08,84.85,1.227144,55.990002,2.7
2021-01-09,60.6,1.224303,55.8800013333333,2.71566666666667
2021-01-10,56.85,1.221462,55.7700006666667,2.73133333333333
2021-01-11,67.69,1.218621,55.66,2.747
2021-01-12,63.54,1.21607,56.580002,2.753
2021-01-13,73.85,1.220889,56.060001,2.727
2021-01-14,73.33,1.216249,56.419998,2.666
2021-01-15,72.32,1.215126,55.099998,2.737
2021-01-16,57.78,1.21235433333333,55.299999,2.68925
2021-01-17,56.66,1.20958266666667,55.5,2.6415
2021-01-18,69.17,1.206811,55.700001,2.59375
2021-01-19,60.39,1.207729,55.900002,2.546
2021-01-20,49.13,1.213887,56.080002,2.539
2021-01-21,41.6,1.211563,56.099998,2.491
2021-01-22,49.95,1.216629,55.41,2.446
2021-01-23,51.81,1.21673433333333,55.566667,2.498
2021-01-24,49.16,1.21683966666667,55.723334,2.55
2021-01-25,61.7,1.216945,55.880001,2.602
2021-01-26,64.12,1.214624,55.91,2.656
2021-01-27,59.26,1.216299,55.810001,2.76
2021-01-28,55.01,1.210507,55.529999,2.664
2021-01-29,47.71,1.212004,55.880001,2.564
2021-01-30,48.02,1.21213133333333,55.880001,2.65933333333333
2021-01-31,47.93,1.21225866666667,55.880001,2.75466666666667
2021-02-01,56.81,1.212386,55.880001,2.85
2021-02-02,48.7,1.206869,57.459999,2.845
2021-02-03,41.87,1.203905,58.459999,2.789
2021-02-04,52.26,1.204239,58.84,2.935
2021-02-05,51.52,1.196673,59.34,2.863
2021-02-06,38.34,1.19940766666667,59.746667,2.86933333333333
2021-02-07,26.03,1.20214233333333,60.153334,2.87566666666667
2021-02-08,50.07,1.204877,60.560001,2.882
2021-02-09,65.31,1.20536,61.09,2.835
2021-02-10,72.48,1.211999,61.470001,2.911
2021-02-11,79.01,1.212121,61.139999,2.868
2021-02-12,63.46,1.213151,62.43,2.912
2021-02-13,54.65,1.212837,62.6599995,2.96625
2021-02-14,47.82,1.212523,62.889999,3.0205
2021-02-15,52.1,1.212209,63.1199985,3.07475
2021-02-16,53.68,1.21322,63.349998,3.129
2021-02-17,49.87,1.209248,64.339996,3.219
2021-02-18,48.35,1.2048,63.93,3.082
2021-02-19,47.54,1.20919,62.91,3.069
2021-02-20,32.74,1.21033866666667,63.686666,3.03033333333333
2021-02-21,32.15,1.21148733333333,64.463332,2.99166666666667
2021-02-22,48.51,1.212636,65.239998,2.953
2021-02-23,44.4,1.21668,65.370003,2.879
2021-02-24,35.98,1.215214,67.040001,2.854
2021-02-25,46.16,1.217137,66.879997,2.777
2021-02-26,47.71,1.216042,66.129997,2.771
2021-02-27,44.08,1.21368,66.069997,2.773
2021-02-28,40.76,1.211318,66.009997,2.775
2021-03-01,49.96,1.208956,65.949997,2.777
2021-03-02,54.16,1.20511,62.700001,2.839
2021-03-03,53.02,1.208547,64.07,2.816
2021-03-04,54.28,1.205066,66.739998,2.746
2021-03-05,52.39,1.196774,69.360001,2.701
2021-03-06,44.94,1.19537033333333,68.9866666666667,2.68866666666667
2021-03-07,46.63,1.19396666666667,68.6133323333333,2.67633333333333
2021-03-08,61.74,1.192563,68.239998,2.664
2021-03-09,61.2,1.185171,67.519997,2.662
2021-03-10,54.2,1.189791,67.900002,2.692
2021-03-11,39.86,1.192606,69.629997,2.668
2021-03-12,37.36,1.19861,69.220001,2.6
2021-03-13,23.61,1.19740666666667,69.1066663333333,2.56133333333333
2021-03-14,24.74,1.19620333333333,68.9933316666667,2.52266666666667
2021-03-15,50.11,1.195,68.879997,2.484
2021-03-16,56.23,1.192577,68.389999,2.562
2021-03-17,56.18,1.190165,68,2.528
2021-03-18,64.26,1.198279,63.279999,2.481
2021-03-19,56.53,1.191824,64.529999,2.535
2021-03-20,51.46,1.19065333333333,64.5600003333333,2.55066666666667
2021-03-21,40.45,1.18948266666667,64.5900016666667,2.56633333333333
2021-03-22,60.85,1.188312,64.620003,2.582
2021-03-23,63.57,1.193303,60.790001,2.508
2021-03-24,61.41,1.184021,64.410004,2.518
2021-03-25,59.48,1.181307,61.950001,2.57
2021-03-26,53.92,1.177662,64.57,2.557
2021-03-27,36.38,1.17804133333333,64.7066676666667,2.56666666666667
2021-03-28,28.31,1.17842066666667,64.8433353333333,2.57633333333333
2021-03-29,46.05,1.1788,64.980003,2.586
2021-03-30,55.41,1.177101,64.139999,2.623
2021-03-31,57.04,1.17236,63.540001,2.608
2021-04-01,52.79,1.172883,63.599998,2.639
2021-04-02,41.35,1.177995,63.237499,2.607
2021-04-03,35,1.17760233333333,62.875,2.575
2021-04-04,29.2,1.17720966666667,62.512501,2.543
2021-04-05,26.81,1.176817,62.150002,2.511
2021-04-06,58.51,1.181893,62.740002,2.456
2021-04-07,75.26,1.187423,63.16,2.52
2021-04-08,71.51,1.187366,63.200001,2.522
2021-04-09,72.63,1.191568,62.950001,2.526
2021-04-10,59.63,1.19106233333333,63.0600003333333,2.53766666666667
2021-04-11,53.34,1.19055666666667,63.1699996666667,2.54933333333333
2021-04-12,72.01,1.190051,63.279999,2.561
2021-04-13,83.62,1.191469,63.669998,2.619
2021-04-14,80.66,1.195414,66.580002,2.618
2021-04-15,74.32,1.19861,66.940002,2.658
2021-04-16,71.42,1.197175,66.769997,2.68
2021-04-17,64.46,1.19709833333333,66.8633323333333,2.703
2021-04-18,64.33,1.19702166666667,66.9566676666667,2.726
2021-04-19,82.16,1.196945,67.050003,2.749
2021-04-20,81.14,1.204529,66.57,2.727
2021-04-21,78.27,1.203239,65.32,2.692
2021-04-22,70.11,1.203775,65.400002,2.749
2021-04-23,65.19,1.201475,66.110001,2.73
2021-04-24,53.02,1.20397833333333,65.956668,2.75
2021-04-25,37.45,1.20648166666667,65.803335,2.77
2021-04-26,60.65,1.208985,65.650002,2.79
2021-04-27,66.56,1.208167,66.419998,2.873
2021-04-28,69.43,1.209031,67.269997,2.925
2021-04-29,68.72,1.213592,68.559998,2.911
2021-04-30,73.58,1.212709,67.25,2.931
2021-05-01,57.01,1.209398,67.2633336666667,2.94266666666667
2021-05-02,46.81,1.206087,67.2766673333333,2.95433333333333
2021-05-03,66.64,1.202776,67.290001,2.966
2021-05-04,36.99,1.206127,68.125,2.967
2021-05-05,62.48,1.201504,68.959999,2.938
2021-05-06,73.15,1.200797,68.089996,2.928
2021-05-07,72.43,1.206855,68.279999,2.958
2021-05-08,47.32,1.21027266666667,68.2933326666667,2.94933333333333
2021-05-09,6.65,1.21369033333333,68.3066663333333,2.94066666666667
2021-05-10,58.36,1.217108,68.32,2.932
2021-05-11,72.17,1.214093,68.550003,2.955
2021-05-12,68.77,1.21445,69.32,2.969
2021-05-13,62.74,1.207851,67.050003,2.973
2021-05-14,71.53,1.207729,68.709999,2.961
2021-05-15,57.49,1.210165,68.959999,3.01033333333333
2021-05-16,30.13,1.212601,69.209999,3.05966666666667
2021-05-17,69.9,1.215037,69.459999,3.109
2021-05-18,74.18,1.215687,68.709999,3.012
2021-05-19,76.88,1.2224,66.660004,2.964
2021-05-20,69.34,1.217285,65.110001,2.925
2021-05-21,28.05,1.222539,66.440002,2.906
2021-05-22,17.99,1.221134,67.1133343333333,2.89933333333333
2021-05-23,23.9,1.219729,67.7866666666667,2.89266666666667
2021-05-24,32.81,1.218324,68.459999,2.886
2021-05-25,59.83,1.221464,68.650002,2.913
2021-05-26,69.18,1.224909,68.870003,2.984
2021-05-27,72.52,1.21926,69.459999,2.958
2021-05-28,73.34,1.219319,69.629997,2.986
2021-05-29,56.57,1.219215,69.629997,3.0155
2021-05-30,31.77,1.219111,69.629997,3.045
2021-05-31,66.66,1.219007,69.629997,3.0745
2021-06-01,68.22,1.223287,69.629997,3.104
2021-06-02,65.97,1.221777,71.349998,3.075
2021-06-03,65.54,1.220986,71.309998,3.041
2021-06-04,71.8,1.213301,71.889999,3.097
2021-06-05,63.23,1.214481,71.7566653333333,3.088
2021-06-06,57.55,1.215661,71.6233316666667,3.079
2021-06-07,77.34,1.216841,71.489998,3.07
2021-06-08,76.18,1.219363,72.220001,3.128
2021-06-09,75.57,1.217285,72.220001,3.129
2021-06-10,78.19,1.2182,72.519997,3.149
2021-06-11,77.52,1.217256,72.690002,3.296
2021-06-12,46.7,1.21517733333333,72.7466683333333,3.31466666666667
2021-06-13,26.01,1.21309866666667,72.8033346666667,3.33333333333333
2021-06-14,75.07,1.21102,72.860001,3.352
2021-06-15,82.52,1.212224,73.989998,3.24
2021-06-16,86.85,1.212709,74.389999,3.251
2021-06-17,82.24,1.199559,73.080002,3.253
2021-06-18,80.72,1.191341,73.510002,3.215
2021-06-19,73.16,1.190016,73.9733353333333,3.207
2021-06-20,57.89,1.188691,74.4366686666667,3.199
2021-06-21,77.63,1.187366,74.900002,3.191
2021-06-22,83.18,1.191256,74.809998,3.258
2021-06-23,84.34,1.193673,75.190002,3.333
2021-06-24,88.98,1.193317,75.559998,3.418
2021-06-25,86.4,1.193033,76.18,3.496
2021-06-26,76.44,1.193427,75.68,3.53633333333333
2021-06-27,51.91,1.193821,75.18,3.57666666666667
2021-06-28,87.84,1.194215,74.68,3.617
2021-06-29,90.07,1.19289,74.760002,3.63
2021-06-30,90.24,1.190193,75.129997,3.65
2021-07-01,87.79,1.185677,75.839996,3.661
2021-07-02,96.46,1.184624,76.169998,3.7
2021-07-03,83.79,1.18495633333333,75.75999825,3.68425
2021-07-04,79.36,1.18528866666667,75.3499985,3.6685
2021-07-05,92.64,1.185621,74.93999875,3.65275
2021-07-06,80.95,1.18638,74.529999,3.637
2021-07-07,98.1,1.182452,73.43,3.596
2021-07-08,93.9,1.17934,74.120003,3.688
2021-07-09,90.69,1.1848,75.550003,3.674
2021-07-10,81.6,1.185632,75.4200033333333,3.699
2021-07-11,77.74,1.186464,75.2900036666667,3.724
2021-07-12,93.33,1.187296,75.160004,3.749
2021-07-13,94.2,1.186521,76.489998,3.696
2021-07-14,70.23,1.177537,74.760002,3.66
2021-07-15,74.09,1.183334,73.470001,3.614
2021-07-16,83.48,1.181181,73.589996,3.674
2021-07-17,63.38,1.18125433333333,71.9333316666667,3.709
2021-07-18,45.91,1.18132766666667,70.2766673333333,3.744
2021-07-19,89.37,1.181401,68.620003,3.779
2021-07-20,91.18,1.179384,69.349998,3.876
2021-07-21,91.01,1.178411,72.230003,3.959
2021-07-22,88.19,1.179273,73.790001,4.003
2021-07-23,87.76,1.177274,74.099998,4.06
2021-07-24,76.16,1.177297,74.233332,4.074
2021-07-25,61.39,1.17732,74.366666,4.088
2021-07-26,86.61,1.177343,74.5,4.102
2021-07-27,84.39,1.180777,74.480003,3.971
2021-07-28,66.99,1.182313,74.739998,4.044
2021-07-29,48.66,1.184596,76.050003,4.059
2021-07-30,42.67,1.1893,76.330002,3.914
2021-07-31,27.45,1.18843466666667,75.1833343333333,3.921
2021-08-01,50.15,1.18756933333333,74.0366666666667,3.928
2021-08-02,80.73,1.186704,72.889999,3.935
2021-08-03,90.6,1.187465,72.410004,4.027
2021-08-04,91.63,1.186944,70.379997,4.158
2021-08-05,86.2,1.18374,71.290001,4.14
2021-08-06,18.8,1.183572,70.699997,4.14
2021-08-07,43.15,1.180698,70.146665,4.11333333333333
2021-08-08,0.28,1.177824,69.593333,4.08666666666667
2021-08-09,66.58,1.17495,69.040001,4.06
2021-08-10,86.27,1.173847,70.629997,4.089
2021-08-11,99.17,1.172333,71.440002,4.059
2021-08-12,104.94,1.17419,71.309998,3.933
2021-08-13,93.66,1.173626,70.589996,3.861
2021-08-14,70.07,1.17557333333333,70.229998,3.88933333333333
2021-08-15,51.78,1.17752066666667,69.87,3.91766666666667
2021-08-16,47.4,1.179468,69.510002,3.946
2021-08-17,66.76,1.177995,69.029999,3.837
2021-08-18,80.13,1.170974,68.230003,3.852
2021-08-19,94.47,1.17033,66.449997,3.83
2021-08-20,101.05,1.16766,65.18,3.851
2021-08-21,91.46,1.16835833333333,66.37,3.88233333333333
2021-08-22,75.79,1.16905666666667,67.56,3.91366666666667
2021-08-23,90.89,1.169755,68.75,3.945
2021-08-24,78.99,1.174453,71.050003,3.896
2021-08-25,86.29,1.175309,72.25,3.897
2021-08-26,93.2,1.17744,71.07,4.184
2021-08-27,96.03,1.175641,72.699997,4.37
2021-08-28,74.02,1.177061,72.936666,4.34833333333333
2021-08-29,70.88,1.178481,73.173335,4.32666666666667
2021-08-30,106.86,1.179901,73.410004,4.305
2021-08-31,108.17,1.17969,72.989998,4.377
2021-09-01,104.34,1.181028,71.589996,4.615
2021-09-02,107.19,1.184091,73.029999,4.641
2021-09-03,110.12,1.187648,72.610001,4.712
2021-09-04,107.35,1.18796333333333,72.38000125,4.676
2021-09-05,98.96,1.18827866666667,72.1500015,4.64
2021-09-06,123.98,1.188594,71.92000175,4.604
2021-09-07,123.69,1.187507,71.690002,4.568
2021-09-08,122.39,1.184357,72.599998,4.914
2021-09-09,131.76,1.18191,71.449997,5.031
2021-09-10,137.24,1.182592,72.919998,4.938
2021-09-11,129.15,1.18212633333333,73.116666,5.03566666666667
2021-09-12,109.56,1.18166066666667,73.313334,5.13333333333333
2021-09-13,139.41,1.181195,73.510002,5.231
2021-09-14,145.52,1.181195,73.599998,5.26
2021-09-15,166.83,1.180498,75.459999,5.46
2021-09-16,169.36,1.182,75.669998,5.335
2021-09-17,157.85,1.176747,75.339996,5.105
2021-09-18,139.67,1.17549566666667,74.8666633333333,5.065
2021-09-19,98.59,1.17424433333333,74.3933306666667,5.025
2021-09-20,153.25,1.172993,73.919998,4.985
2021-09-21,147.66,1.17302,74.360001,4.805
2021-09-22,149.74,1.172292,76.190002,4.805
2021-09-23,143.81,1.16877,77.25,4.976
2021-09-24,147.58,1.174026,78.089996,5.14
2021-09-25,146.38,1.17345233333333,78.569997,5.32866666666667
2021-09-26,125.72,1.17287866666667,79.049998,5.51733333333333
2021-09-27,146.21,1.172305,79.529999,5.706
2021-09-28,159.83,1.16968,79.089996,5.841
2021-09-29,150.58,1.168634,78.639999,5.477
2021-09-30,165.57,1.16016,78.519997,5.867
